id,audio_path,question,optionA,optionB,optionC,optionD,correct,ordering_method,audioabsent_optionspresent_num,audiopath_list,cat_mapping
67,audios/67.wav,Which sound among the following is the shortest in duration?,mouse_click,keyboard_typing,train,brushing_teeth,C,consec,2,"['/home/data/ESC-50/ESC-50-master/audio/4-154405-A-27.wav', '/home/data/ESC-50/ESC-50-master/audio/4-154405-A-27.wav', '/home/data/ESC-50/ESC-50-master/audio/4-181362-A-13.wav', '/home/data/ESC-50/ESC-50-master/audio/4-181362-A-13.wav', '/home/data/ESC-50/ESC-50-master/audio/4-165845-B-45.wav']","{'brushing_teeth': '/home/data/ESC-50/ESC-50-master/audio/4-154405-A-27.wav', 'crickets': '/home/data/ESC-50/ESC-50-master/audio/4-181362-A-13.wav', 'train': '/home/data/ESC-50/ESC-50-master/audio/4-165845-B-45.wav'}"
68,audios/68.wav,Which sound among the following is heard for the greatest length of time?,crickets,rain,brushing_teeth,siren,A,consec,3,"['/home/data/ESC-50/ESC-50-master/audio/2-52789-A-4.wav', '/home/data/ESC-50/ESC-50-master/audio/5-212736-A-17.wav', '/home/data/ESC-50/ESC-50-master/audio/1-57316-A-13.wav', '/home/data/ESC-50/ESC-50-master/audio/1-57316-A-13.wav', '/home/data/ESC-50/ESC-50-master/audio/1-57316-A-13.wav']","{'frog': '/home/data/ESC-50/ESC-50-master/audio/2-52789-A-4.wav', 'pouring_water': '/home/data/ESC-50/ESC-50-master/audio/5-212736-A-17.wav', 'crickets': '/home/data/ESC-50/ESC-50-master/audio/1-57316-A-13.wav'}"
69,audios/69.wav,Which of these sounds has the longest duration?,clock_alarm,wind,drinking_sipping,glass_breaking,B,random,1,"['/home/data/ESC-50/ESC-50-master/audio/3-117504-B-16.wav', '/home/data/ESC-50/ESC-50-master/audio/3-120526-B-37.wav', '/home/data/ESC-50/ESC-50-master/audio/3-117504-B-16.wav', '/home/data/ESC-50/ESC-50-master/audio/2-121978-A-29.wav', '/home/data/ESC-50/ESC-50-master/audio/3-117504-B-16.wav']","{'wind': '/home/data/ESC-50/ESC-50-master/audio/3-117504-B-16.wav', 'drinking_sipping': '/home/data/ESC-50/ESC-50-master/audio/2-121978-A-29.wav', 'clock_alarm': '/home/data/ESC-50/ESC-50-master/audio/3-120526-B-37.wav'}"
70,audios/70.wav,Which sound among the following is heard for the greatest length of time?,pouring_water,fireworks,door_wood_creaks,coughing,A,random,1,"['/home/data/ESC-50/ESC-50-master/audio/4-155650-A-24.wav', '/home/data/ESC-50/ESC-50-master/audio/4-168868-A-17.wav', '/home/data/ESC-50/ESC-50-master/audio/4-108352-A-33.wav', '/home/data/ESC-50/ESC-50-master/audio/4-168868-A-17.wav']","{'pouring_water': '/home/data/ESC-50/ESC-50-master/audio/4-168868-A-17.wav', 'coughing': '/home/data/ESC-50/ESC-50-master/audio/4-155650-A-24.wav', 'door_wood_creaks': '/home/data/ESC-50/ESC-50-master/audio/4-108352-A-33.wav'}"
71,audios/71.wav,Which of the given sounds is heard for the least amount of time?,clapping,chirping_birds,rain,insects,D,random,1,"['/home/data/ESC-50/ESC-50-master/audio/5-243450-A-14.wav', '/home/data/ESC-50/ESC-50-master/audio/4-133895-A-7.wav', '/home/data/ESC-50/ESC-50-master/audio/5-243450-A-14.wav', '/home/data/ESC-50/ESC-50-master/audio/2-57733-A-22.wav', '/home/data/ESC-50/ESC-50-master/audio/2-57733-A-22.wav']","{'insects': '/home/data/ESC-50/ESC-50-master/audio/4-133895-A-7.wav', 'clapping': '/home/data/ESC-50/ESC-50-master/audio/2-57733-A-22.wav', 'chirping_birds': '/home/data/ESC-50/ESC-50-master/audio/5-243450-A-14.wav'}"
72,audios/72.wav,Which of the following sounds lasts for the shortest time?,sneezing,wind,engine,pouring_water,A,consec,1,"['/home/data/ESC-50/ESC-50-master/audio/5-194533-A-21.wav', '/home/data/ESC-50/ESC-50-master/audio/2-106015-B-44.wav', '/home/data/ESC-50/ESC-50-master/audio/2-106015-B-44.wav', '/home/data/ESC-50/ESC-50-master/audio/4-168868-A-17.wav', '/home/data/ESC-50/ESC-50-master/audio/4-168868-A-17.wav']","{'sneezing': '/home/data/ESC-50/ESC-50-master/audio/5-194533-A-21.wav', 'engine': '/home/data/ESC-50/ESC-50-master/audio/2-106015-B-44.wav', 'pouring_water': '/home/data/ESC-50/ESC-50-master/audio/4-168868-A-17.wav'}"
73,audios/73.wav,Which of the given sounds is heard for the least amount of time?,airplane,crying_baby,pig,dog,D,consec,3,"['/home/data/ESC-50/ESC-50-master/audio/4-195707-A-13.wav', '/home/data/ESC-50/ESC-50-master/audio/4-195707-A-13.wav', '/home/data/ESC-50/ESC-50-master/audio/1-59513-A-0.wav', '/home/data/ESC-50/ESC-50-master/audio/3-155583-A-14.wav', '/home/data/ESC-50/ESC-50-master/audio/3-155583-A-14.wav']","{'crickets': '/home/data/ESC-50/ESC-50-master/audio/4-195707-A-13.wav', 'dog': '/home/data/ESC-50/ESC-50-master/audio/1-59513-A-0.wav', 'chirping_birds': '/home/data/ESC-50/ESC-50-master/audio/3-155583-A-14.wav'}"
74,audios/74.wav,Which sound among the following is heard for the greatest length of time?,door_wood_creaks,helicopter,coughing,toilet_flush,C,consec,1,"['/home/data/ESC-50/ESC-50-master/audio/2-87795-A-24.wav', '/home/data/ESC-50/ESC-50-master/audio/2-87795-A-24.wav', '/home/data/ESC-50/ESC-50-master/audio/2-87795-A-24.wav', '/home/data/ESC-50/ESC-50-master/audio/4-193480-B-40.wav', '/home/data/ESC-50/ESC-50-master/audio/3-103401-D-33.wav']","{'coughing': '/home/data/ESC-50/ESC-50-master/audio/2-87795-A-24.wav', 'helicopter': '/home/data/ESC-50/ESC-50-master/audio/4-193480-B-40.wav', 'door_wood_creaks': '/home/data/ESC-50/ESC-50-master/audio/3-103401-D-33.wav'}"
75,audios/75.wav,Which of these sounds has the longest duration?,sheep,cow,pouring_water,washing_machine,C,consec,2,"['/home/data/ESC-50/ESC-50-master/audio/3-188726-A-35.wav', '/home/data/ESC-50/ESC-50-master/audio/4-189838-A-22.wav', '/home/data/ESC-50/ESC-50-master/audio/3-154439-A-17.wav', '/home/data/ESC-50/ESC-50-master/audio/3-154439-A-17.wav', '/home/data/ESC-50/ESC-50-master/audio/3-154439-A-17.wav']","{'washing_machine': '/home/data/ESC-50/ESC-50-master/audio/3-188726-A-35.wav', 'clapping': '/home/data/ESC-50/ESC-50-master/audio/4-189838-A-22.wav', 'pouring_water': '/home/data/ESC-50/ESC-50-master/audio/3-154439-A-17.wav'}"
76,audios/76.wav,Which sound among the following is heard for the longest time?,fireworks,drinking_sipping,vacuum_cleaner,engine,D,random,2,"['/home/data/ESC-50/ESC-50-master/audio/5-240671-A-44.wav', '/home/data/ESC-50/ESC-50-master/audio/3-145387-A-29.wav', '/home/data/ESC-50/ESC-50-master/audio/5-240671-A-44.wav', '/home/data/ESC-50/ESC-50-master/audio/3-155568-A-32.wav']","{'drinking_sipping': '/home/data/ESC-50/ESC-50-master/audio/3-145387-A-29.wav', 'engine': '/home/data/ESC-50/ESC-50-master/audio/5-240671-A-44.wav', 'keyboard_typing': '/home/data/ESC-50/ESC-50-master/audio/3-155568-A-32.wav'}"
77,audios/77.wav,Which of the given sounds is heard for the least amount of time?,sneezing,door_wood_knock,church_bells,hen,A,consec,3,"['/home/data/ESC-50/ESC-50-master/audio/1-59324-A-21.wav', '/home/data/ESC-50/ESC-50-master/audio/3-185456-A-29.wav', '/home/data/ESC-50/ESC-50-master/audio/3-185456-A-29.wav', '/home/data/ESC-50/ESC-50-master/audio/5-204352-B-13.wav', '/home/data/ESC-50/ESC-50-master/audio/5-204352-B-13.wav']","{'sneezing': '/home/data/ESC-50/ESC-50-master/audio/1-59324-A-21.wav', 'drinking_sipping': '/home/data/ESC-50/ESC-50-master/audio/3-185456-A-29.wav', 'crickets': '/home/data/ESC-50/ESC-50-master/audio/5-204352-B-13.wav'}"
79,audios/79.wav,Which of the following sounds lasts for the shortest time?,cow,thunderstorm,vacuum_cleaner,frog,A,random,3,"['/home/data/ESC-50/ESC-50-master/audio/4-213915-C-3.wav', '/home/data/ESC-50/ESC-50-master/audio/1-54065-B-45.wav', '/home/data/ESC-50/ESC-50-master/audio/5-238021-A-35.wav', '/home/data/ESC-50/ESC-50-master/audio/5-238021-A-35.wav', '/home/data/ESC-50/ESC-50-master/audio/1-54065-B-45.wav']","{'train': '/home/data/ESC-50/ESC-50-master/audio/1-54065-B-45.wav', 'cow': '/home/data/ESC-50/ESC-50-master/audio/4-213915-C-3.wav', 'washing_machine': '/home/data/ESC-50/ESC-50-master/audio/5-238021-A-35.wav'}"
80,audios/80.wav,Which of the following sounds lasts for the shortest time?,pouring_water,crying_baby,pig,airplane,C,consec,1,"['/home/data/ESC-50/ESC-50-master/audio/4-185575-A-20.wav', '/home/data/ESC-50/ESC-50-master/audio/4-185575-A-20.wav', '/home/data/ESC-50/ESC-50-master/audio/3-193767-A-47.wav', '/home/data/ESC-50/ESC-50-master/audio/3-193767-A-47.wav', '/home/data/ESC-50/ESC-50-master/audio/3-257858-A-2.wav']","{'crying_baby': '/home/data/ESC-50/ESC-50-master/audio/4-185575-A-20.wav', 'airplane': '/home/data/ESC-50/ESC-50-master/audio/3-193767-A-47.wav', 'pig': '/home/data/ESC-50/ESC-50-master/audio/3-257858-A-2.wav'}"
81,audios/81.wav,Which of the following sounds lasts for the shortest time?,clock_tick,brushing_teeth,crying_baby,church_bells,B,consec,2,"['/home/data/ESC-50/ESC-50-master/audio/4-80761-A-42.wav', '/home/data/ESC-50/ESC-50-master/audio/4-80761-A-42.wav', '/home/data/ESC-50/ESC-50-master/audio/1-58923-B-27.wav', '/home/data/ESC-50/ESC-50-master/audio/2-50666-A-20.wav', '/home/data/ESC-50/ESC-50-master/audio/2-50666-A-20.wav']","{'siren': '/home/data/ESC-50/ESC-50-master/audio/4-80761-A-42.wav', 'brushing_teeth': '/home/data/ESC-50/ESC-50-master/audio/1-58923-B-27.wav', 'crying_baby': '/home/data/ESC-50/ESC-50-master/audio/2-50666-A-20.wav'}"
82,audios/82.wav,Which of these sounds has the longest duration?,engine,brushing_teeth,toilet_flush,sea_waves,A,consec,2,"['/home/data/ESC-50/ESC-50-master/audio/3-181278-A-22.wav', '/home/data/ESC-50/ESC-50-master/audio/2-107228-A-44.wav', '/home/data/ESC-50/ESC-50-master/audio/2-107228-A-44.wav', '/home/data/ESC-50/ESC-50-master/audio/1-39901-B-11.wav']","{'clapping': '/home/data/ESC-50/ESC-50-master/audio/3-181278-A-22.wav', 'engine': '/home/data/ESC-50/ESC-50-master/audio/2-107228-A-44.wav', 'sea_waves': '/home/data/ESC-50/ESC-50-master/audio/1-39901-B-11.wav'}"
83,audios/83.wav,Which of these sounds has the longest duration?,rain,crackling_fire,cow,snoring,A,consec,3,"['/home/data/ESC-50/ESC-50-master/audio/2-96033-A-13.wav', '/home/data/ESC-50/ESC-50-master/audio/4-163264-A-10.wav', '/home/data/ESC-50/ESC-50-master/audio/4-163264-A-10.wav', '/home/data/ESC-50/ESC-50-master/audio/4-163264-A-10.wav', '/home/data/ESC-50/ESC-50-master/audio/1-58923-A-27.wav']","{'crickets': '/home/data/ESC-50/ESC-50-master/audio/2-96033-A-13.wav', 'rain': '/home/data/ESC-50/ESC-50-master/audio/4-163264-A-10.wav', 'brushing_teeth': '/home/data/ESC-50/ESC-50-master/audio/1-58923-A-27.wav'}"
84,audios/84.wav,Which sound among the following is heard for the greatest length of time?,car_horn,church_bells,drinking_sipping,thunderstorm,B,random,1,"['/home/data/ESC-50/ESC-50-master/audio/5-219044-A-46.wav', '/home/data/ESC-50/ESC-50-master/audio/5-219044-A-46.wav', '/home/data/ESC-50/ESC-50-master/audio/4-210593-A-29.wav', '/home/data/ESC-50/ESC-50-master/audio/5-219044-A-46.wav', '/home/data/ESC-50/ESC-50-master/audio/1-115521-A-19.wav']","{'thunderstorm': '/home/data/ESC-50/ESC-50-master/audio/1-115521-A-19.wav', 'drinking_sipping': '/home/data/ESC-50/ESC-50-master/audio/4-210593-A-29.wav', 'church_bells': '/home/data/ESC-50/ESC-50-master/audio/5-219044-A-46.wav'}"
88,audios/88.wav,Which sound among the following is heard for the longest time?,mouse_click,drinking_sipping,church_bells,clock_alarm,C,random,1,"['/home/data/ESC-50/ESC-50-master/audio/2-77347-A-46.wav', '/home/data/ESC-50/ESC-50-master/audio/2-77347-A-46.wav', '/home/data/ESC-50/ESC-50-master/audio/1-74517-A-37.wav', '/home/data/ESC-50/ESC-50-master/audio/2-77347-A-46.wav', '/home/data/ESC-50/ESC-50-master/audio/3-170312-A-31.wav']","{'church_bells': '/home/data/ESC-50/ESC-50-master/audio/2-77347-A-46.wav', 'mouse_click': '/home/data/ESC-50/ESC-50-master/audio/3-170312-A-31.wav', 'clock_alarm': '/home/data/ESC-50/ESC-50-master/audio/1-74517-A-37.wav'}"
90,audios/90.wav,Which sound among the following is heard for the longest time?,chainsaw,clapping,fireworks,breathing,B,consec,2,"['/home/data/ESC-50/ESC-50-master/audio/1-94036-A-22.wav', '/home/data/ESC-50/ESC-50-master/audio/1-94036-A-22.wav', '/home/data/ESC-50/ESC-50-master/audio/1-94036-A-22.wav', '/home/data/ESC-50/ESC-50-master/audio/1-19898-A-41.wav', '/home/data/ESC-50/ESC-50-master/audio/1-208757-A-2.wav']","{'clapping': '/home/data/ESC-50/ESC-50-master/audio/1-94036-A-22.wav', 'chainsaw': '/home/data/ESC-50/ESC-50-master/audio/1-19898-A-41.wav', 'pig': '/home/data/ESC-50/ESC-50-master/audio/1-208757-A-2.wav'}"
92,audios/92.wav,Which sound among the following is heard for the greatest length of time?,car_horn,laughing,church_bells,snoring,D,consec,3,"['/home/data/ESC-50/ESC-50-master/audio/1-17808-B-12.wav', '/home/data/ESC-50/ESC-50-master/audio/5-221878-A-34.wav', '/home/data/ESC-50/ESC-50-master/audio/3-151557-A-28.wav', '/home/data/ESC-50/ESC-50-master/audio/3-151557-A-28.wav', '/home/data/ESC-50/ESC-50-master/audio/3-151557-A-28.wav']","{'crackling_fire': '/home/data/ESC-50/ESC-50-master/audio/1-17808-B-12.wav', 'can_opening': '/home/data/ESC-50/ESC-50-master/audio/5-221878-A-34.wav', 'snoring': '/home/data/ESC-50/ESC-50-master/audio/3-151557-A-28.wav'}"
93,audios/93.wav,Which of the following sounds lasts for the shortest time?,rooster,can_opening,hen,mouse_click,D,consec,2,"['/home/data/ESC-50/ESC-50-master/audio/2-83270-A-13.wav', '/home/data/ESC-50/ESC-50-master/audio/2-83270-A-13.wav', '/home/data/ESC-50/ESC-50-master/audio/1-95563-A-31.wav', '/home/data/ESC-50/ESC-50-master/audio/1-72229-B-6.wav', '/home/data/ESC-50/ESC-50-master/audio/1-72229-B-6.wav']","{'crickets': '/home/data/ESC-50/ESC-50-master/audio/2-83270-A-13.wav', 'mouse_click': '/home/data/ESC-50/ESC-50-master/audio/1-95563-A-31.wav', 'hen': '/home/data/ESC-50/ESC-50-master/audio/1-72229-B-6.wav'}"
95,audios/95.wav,Which sound among the following is the shortest in duration?,washing_machine,thunderstorm,church_bells,mouse_click,A,random,3,"['/home/data/ESC-50/ESC-50-master/audio/1-7974-A-49.wav', '/home/data/ESC-50/ESC-50-master/audio/1-18074-A-6.wav', '/home/data/ESC-50/ESC-50-master/audio/1-7974-A-49.wav', '/home/data/ESC-50/ESC-50-master/audio/1-18074-A-6.wav', '/home/data/ESC-50/ESC-50-master/audio/5-207811-A-35.wav']","{'washing_machine': '/home/data/ESC-50/ESC-50-master/audio/5-207811-A-35.wav', 'hen': '/home/data/ESC-50/ESC-50-master/audio/1-18074-A-6.wav', 'hand_saw': '/home/data/ESC-50/ESC-50-master/audio/1-7974-A-49.wav'}"
96,audios/96.wav,Which sound among the following is the shortest in duration?,vacuum_cleaner,siren,engine,thunderstorm,B,random,1,"['/home/data/ESC-50/ESC-50-master/audio/4-90014-B-42.wav', '/home/data/ESC-50/ESC-50-master/audio/3-146186-A-44.wav', '/home/data/ESC-50/ESC-50-master/audio/4-125071-A-19.wav', '/home/data/ESC-50/ESC-50-master/audio/4-125071-A-19.wav', '/home/data/ESC-50/ESC-50-master/audio/3-146186-A-44.wav']","{'thunderstorm': '/home/data/ESC-50/ESC-50-master/audio/4-125071-A-19.wav', 'siren': '/home/data/ESC-50/ESC-50-master/audio/4-90014-B-42.wav', 'engine': '/home/data/ESC-50/ESC-50-master/audio/3-146186-A-44.wav'}"
97,audios/97.wav,Which of these sounds has the longest duration?,washing_machine,cow,dog,crow,C,random,3,"['/home/data/ESC-50/ESC-50-master/audio/3-119455-A-44.wav', '/home/data/ESC-50/ESC-50-master/audio/5-219242-B-37.wav', '/home/data/ESC-50/ESC-50-master/audio/1-59513-A-0.wav', '/home/data/ESC-50/ESC-50-master/audio/1-59513-A-0.wav']","{'engine': '/home/data/ESC-50/ESC-50-master/audio/3-119455-A-44.wav', 'clock_alarm': '/home/data/ESC-50/ESC-50-master/audio/5-219242-B-37.wav', 'dog': '/home/data/ESC-50/ESC-50-master/audio/1-59513-A-0.wav'}"
98,audios/98.wav,Which of these sounds has the longest duration?,breathing,dog,washing_machine,hand_saw,D,consec,2,"['/home/data/ESC-50/ESC-50-master/audio/4-123680-A-18.wav', '/home/data/ESC-50/ESC-50-master/audio/4-184575-A-0.wav', '/home/data/ESC-50/ESC-50-master/audio/3-102583-C-49.wav', '/home/data/ESC-50/ESC-50-master/audio/3-102583-C-49.wav']","{'toilet_flush': '/home/data/ESC-50/ESC-50-master/audio/4-123680-A-18.wav', 'dog': '/home/data/ESC-50/ESC-50-master/audio/4-184575-A-0.wav', 'hand_saw': '/home/data/ESC-50/ESC-50-master/audio/3-102583-C-49.wav'}"
100,audios/100.wav,Which of the given sounds is heard for the least amount of time?,can_opening,crow,keyboard_typing,rain,C,consec,3,"['/home/data/ESC-50/ESC-50-master/audio/5-234923-A-32.wav', '/home/data/ESC-50/ESC-50-master/audio/4-157296-A-24.wav', '/home/data/ESC-50/ESC-50-master/audio/4-157296-A-24.wav', '/home/data/ESC-50/ESC-50-master/audio/1-33658-A-26.wav', '/home/data/ESC-50/ESC-50-master/audio/1-33658-A-26.wav']","{'keyboard_typing': '/home/data/ESC-50/ESC-50-master/audio/5-234923-A-32.wav', 'coughing': '/home/data/ESC-50/ESC-50-master/audio/4-157296-A-24.wav', 'laughing': '/home/data/ESC-50/ESC-50-master/audio/1-33658-A-26.wav'}"
101,audios/101.wav,Which of the given sounds is heard for the least amount of time?,engine,rain,thunderstorm,siren,A,consec,1,"['/home/data/ESC-50/ESC-50-master/audio/3-143929-A-10.wav', '/home/data/ESC-50/ESC-50-master/audio/3-143929-A-10.wav', '/home/data/ESC-50/ESC-50-master/audio/5-209992-A-44.wav', '/home/data/ESC-50/ESC-50-master/audio/3-51909-B-42.wav', '/home/data/ESC-50/ESC-50-master/audio/3-51909-B-42.wav']","{'rain': '/home/data/ESC-50/ESC-50-master/audio/3-143929-A-10.wav', 'engine': '/home/data/ESC-50/ESC-50-master/audio/5-209992-A-44.wav', 'siren': '/home/data/ESC-50/ESC-50-master/audio/3-51909-B-42.wav'}"
103,audios/103.wav,Which sound among the following is the shortest in duration?,clock_tick,frog,footsteps,wind,D,consec,1,"['/home/data/ESC-50/ESC-50-master/audio/4-218304-A-25.wav', '/home/data/ESC-50/ESC-50-master/audio/4-218304-A-25.wav', '/home/data/ESC-50/ESC-50-master/audio/2-109371-D-16.wav', '/home/data/ESC-50/ESC-50-master/audio/3-71964-C-4.wav', '/home/data/ESC-50/ESC-50-master/audio/3-71964-C-4.wav']","{'footsteps': '/home/data/ESC-50/ESC-50-master/audio/4-218304-A-25.wav', 'wind': '/home/data/ESC-50/ESC-50-master/audio/2-109371-D-16.wav', 'frog': '/home/data/ESC-50/ESC-50-master/audio/3-71964-C-4.wav'}"
105,audios/105.wav,Which of the following sounds lasts for the shortest time?,crickets,pig,toilet_flush,church_bells,D,random,1,"['/home/data/ESC-50/ESC-50-master/audio/3-253084-E-2.wav', '/home/data/ESC-50/ESC-50-master/audio/3-134802-A-13.wav', '/home/data/ESC-50/ESC-50-master/audio/3-134802-A-13.wav', '/home/data/ESC-50/ESC-50-master/audio/3-139109-A-46.wav', '/home/data/ESC-50/ESC-50-master/audio/3-253084-E-2.wav']","{'pig': '/home/data/ESC-50/ESC-50-master/audio/3-253084-E-2.wav', 'church_bells': '/home/data/ESC-50/ESC-50-master/audio/3-139109-A-46.wav', 'crickets': '/home/data/ESC-50/ESC-50-master/audio/3-134802-A-13.wav'}"
107,audios/107.wav,Which sound among the following is heard for the longest time?,washing_machine,rain,door_wood_knock,brushing_teeth,D,consec,3,"['/home/data/ESC-50/ESC-50-master/audio/5-212050-A-27.wav', '/home/data/ESC-50/ESC-50-master/audio/5-212050-A-27.wav', '/home/data/ESC-50/ESC-50-master/audio/2-37806-C-40.wav', '/home/data/ESC-50/ESC-50-master/audio/1-23222-A-19.wav']","{'brushing_teeth': '/home/data/ESC-50/ESC-50-master/audio/5-212050-A-27.wav', 'helicopter': '/home/data/ESC-50/ESC-50-master/audio/2-37806-C-40.wav', 'thunderstorm': '/home/data/ESC-50/ESC-50-master/audio/1-23222-A-19.wav'}"
108,audios/108.wav,Which of the following sounds lasts for the shortest time?,laughing,glass_breaking,helicopter,fireworks,A,random,3,"['/home/data/ESC-50/ESC-50-master/audio/1-70300-A-45.wav', '/home/data/ESC-50/ESC-50-master/audio/2-96654-A-47.wav', '/home/data/ESC-50/ESC-50-master/audio/2-60794-A-26.wav', '/home/data/ESC-50/ESC-50-master/audio/1-70300-A-45.wav', '/home/data/ESC-50/ESC-50-master/audio/2-96654-A-47.wav']","{'airplane': '/home/data/ESC-50/ESC-50-master/audio/2-96654-A-47.wav', 'laughing': '/home/data/ESC-50/ESC-50-master/audio/2-60794-A-26.wav', 'train': '/home/data/ESC-50/ESC-50-master/audio/1-70300-A-45.wav'}"
110,audios/110.wav,Which of the following sounds lasts for the shortest time?,cat,clock_tick,breathing,laughing,C,consec,3,"['/home/data/ESC-50/ESC-50-master/audio/1-172649-E-40.wav', '/home/data/ESC-50/ESC-50-master/audio/1-172649-E-40.wav', '/home/data/ESC-50/ESC-50-master/audio/5-260164-A-23.wav', '/home/data/ESC-50/ESC-50-master/audio/3-123086-A-28.wav', '/home/data/ESC-50/ESC-50-master/audio/3-123086-A-28.wav']","{'helicopter': '/home/data/ESC-50/ESC-50-master/audio/1-172649-E-40.wav', 'breathing': '/home/data/ESC-50/ESC-50-master/audio/5-260164-A-23.wav', 'snoring': '/home/data/ESC-50/ESC-50-master/audio/3-123086-A-28.wav'}"
111,audios/111.wav,Which of the following sounds lasts for the shortest time?,cow,door_wood_knock,airplane,footsteps,D,random,3,"['/home/data/ESC-50/ESC-50-master/audio/4-182314-A-7.wav', '/home/data/ESC-50/ESC-50-master/audio/3-103599-B-25.wav', '/home/data/ESC-50/ESC-50-master/audio/5-117120-A-42.wav', '/home/data/ESC-50/ESC-50-master/audio/4-182314-A-7.wav', '/home/data/ESC-50/ESC-50-master/audio/5-117120-A-42.wav']","{'siren': '/home/data/ESC-50/ESC-50-master/audio/5-117120-A-42.wav', 'footsteps': '/home/data/ESC-50/ESC-50-master/audio/3-103599-B-25.wav', 'insects': '/home/data/ESC-50/ESC-50-master/audio/4-182314-A-7.wav'}"
113,audios/113.wav,Which sound among the following is the shortest in duration?,breathing,crying_baby,frog,vacuum_cleaner,B,random,1,"['/home/data/ESC-50/ESC-50-master/audio/3-152007-E-20.wav', '/home/data/ESC-50/ESC-50-master/audio/4-146200-A-36.wav', '/home/data/ESC-50/ESC-50-master/audio/4-146200-A-36.wav', '/home/data/ESC-50/ESC-50-master/audio/4-205526-B-23.wav', '/home/data/ESC-50/ESC-50-master/audio/4-205526-B-23.wav']","{'crying_baby': '/home/data/ESC-50/ESC-50-master/audio/3-152007-E-20.wav', 'vacuum_cleaner': '/home/data/ESC-50/ESC-50-master/audio/4-146200-A-36.wav', 'breathing': '/home/data/ESC-50/ESC-50-master/audio/4-205526-B-23.wav'}"
114,audios/114.wav,Which of these sounds has the longest duration?,cat,door_wood_knock,cow,breathing,A,consec,3,"['/home/data/ESC-50/ESC-50-master/audio/2-28314-A-12.wav', '/home/data/ESC-50/ESC-50-master/audio/2-82274-B-5.wav', '/home/data/ESC-50/ESC-50-master/audio/2-82274-B-5.wav', '/home/data/ESC-50/ESC-50-master/audio/5-133989-B-42.wav']","{'crackling_fire': '/home/data/ESC-50/ESC-50-master/audio/2-28314-A-12.wav', 'cat': '/home/data/ESC-50/ESC-50-master/audio/2-82274-B-5.wav', 'siren': '/home/data/ESC-50/ESC-50-master/audio/5-133989-B-42.wav'}"
116,audios/116.wav,Which of the given sounds is heard for the least amount of time?,rain,wind,train,hen,B,random,1,"['/home/data/ESC-50/ESC-50-master/audio/3-136451-A-45.wav', '/home/data/ESC-50/ESC-50-master/audio/5-179496-B-16.wav', '/home/data/ESC-50/ESC-50-master/audio/3-136451-A-45.wav', '/home/data/ESC-50/ESC-50-master/audio/1-56311-A-10.wav', '/home/data/ESC-50/ESC-50-master/audio/1-56311-A-10.wav']","{'rain': '/home/data/ESC-50/ESC-50-master/audio/1-56311-A-10.wav', 'wind': '/home/data/ESC-50/ESC-50-master/audio/5-179496-B-16.wav', 'train': '/home/data/ESC-50/ESC-50-master/audio/3-136451-A-45.wav'}"
117,audios/117.wav,Which sound among the following is heard for the longest time?,pig,washing_machine,coughing,keyboard_typing,D,consec,1,"['/home/data/ESC-50/ESC-50-master/audio/2-98676-A-24.wav', '/home/data/ESC-50/ESC-50-master/audio/3-182710-A-35.wav', '/home/data/ESC-50/ESC-50-master/audio/3-132830-A-32.wav', '/home/data/ESC-50/ESC-50-master/audio/3-132830-A-32.wav', '/home/data/ESC-50/ESC-50-master/audio/3-132830-A-32.wav']","{'coughing': '/home/data/ESC-50/ESC-50-master/audio/2-98676-A-24.wav', 'washing_machine': '/home/data/ESC-50/ESC-50-master/audio/3-182710-A-35.wav', 'keyboard_typing': '/home/data/ESC-50/ESC-50-master/audio/3-132830-A-32.wav'}"
119,audios/119.wav,Which sound among the following is the shortest in duration?,coughing,engine,sheep,sea_waves,A,random,1,"['/home/data/ESC-50/ESC-50-master/audio/5-198891-C-8.wav', '/home/data/ESC-50/ESC-50-master/audio/4-201988-A-44.wav', '/home/data/ESC-50/ESC-50-master/audio/5-198891-C-8.wav', '/home/data/ESC-50/ESC-50-master/audio/4-201988-A-44.wav', '/home/data/ESC-50/ESC-50-master/audio/2-87794-A-24.wav']","{'engine': '/home/data/ESC-50/ESC-50-master/audio/4-201988-A-44.wav', 'coughing': '/home/data/ESC-50/ESC-50-master/audio/2-87794-A-24.wav', 'sheep': '/home/data/ESC-50/ESC-50-master/audio/5-198891-C-8.wav'}"
120,audios/120.wav,Which sound among the following is heard for the greatest length of time?,crow,door_wood_knock,keyboard_typing,washing_machine,D,random,3,"['/home/data/ESC-50/ESC-50-master/audio/3-135469-A-35.wav', '/home/data/ESC-50/ESC-50-master/audio/3-135469-A-35.wav', '/home/data/ESC-50/ESC-50-master/audio/1-84536-A-39.wav', '/home/data/ESC-50/ESC-50-master/audio/2-188822-C-40.wav', '/home/data/ESC-50/ESC-50-master/audio/3-135469-A-35.wav']","{'glass_breaking': '/home/data/ESC-50/ESC-50-master/audio/1-84536-A-39.wav', 'helicopter': '/home/data/ESC-50/ESC-50-master/audio/2-188822-C-40.wav', 'washing_machine': '/home/data/ESC-50/ESC-50-master/audio/3-135469-A-35.wav'}"
121,audios/121.wav,Which sound among the following is heard for the greatest length of time?,keyboard_typing,siren,crickets,train,A,random,2,"['/home/data/ESC-50/ESC-50-master/audio/2-118817-A-32.wav', '/home/data/ESC-50/ESC-50-master/audio/5-188796-A-45.wav', '/home/data/ESC-50/ESC-50-master/audio/1-72195-A-37.wav', '/home/data/ESC-50/ESC-50-master/audio/2-118817-A-32.wav', '/home/data/ESC-50/ESC-50-master/audio/2-118817-A-32.wav']","{'clock_alarm': '/home/data/ESC-50/ESC-50-master/audio/1-72195-A-37.wav', 'keyboard_typing': '/home/data/ESC-50/ESC-50-master/audio/2-118817-A-32.wav', 'train': '/home/data/ESC-50/ESC-50-master/audio/5-188796-A-45.wav'}"
123,audios/123.wav,Which of the given sounds is heard for the least amount of time?,thunderstorm,clock_tick,sheep,rooster,B,consec,2,"['/home/data/ESC-50/ESC-50-master/audio/5-170338-A-41.wav', '/home/data/ESC-50/ESC-50-master/audio/5-170338-A-41.wav', '/home/data/ESC-50/ESC-50-master/audio/1-88574-A-8.wav', '/home/data/ESC-50/ESC-50-master/audio/1-88574-A-8.wav', '/home/data/ESC-50/ESC-50-master/audio/5-209833-A-38.wav']","{'chainsaw': '/home/data/ESC-50/ESC-50-master/audio/5-170338-A-41.wav', 'sheep': '/home/data/ESC-50/ESC-50-master/audio/1-88574-A-8.wav', 'clock_tick': '/home/data/ESC-50/ESC-50-master/audio/5-209833-A-38.wav'}"
124,audios/124.wav,Which of these sounds has the longest duration?,car_horn,laughing,chirping_birds,vacuum_cleaner,C,random,3,"['/home/data/ESC-50/ESC-50-master/audio/2-108760-A-14.wav', '/home/data/ESC-50/ESC-50-master/audio/2-108760-A-14.wav', '/home/data/ESC-50/ESC-50-master/audio/2-135860-A-49.wav', '/home/data/ESC-50/ESC-50-master/audio/2-108760-A-14.wav', '/home/data/ESC-50/ESC-50-master/audio/4-125072-B-19.wav']","{'chirping_birds': '/home/data/ESC-50/ESC-50-master/audio/2-108760-A-14.wav', 'hand_saw': '/home/data/ESC-50/ESC-50-master/audio/2-135860-A-49.wav', 'thunderstorm': '/home/data/ESC-50/ESC-50-master/audio/4-125072-B-19.wav'}"
125,audios/125.wav,Which sound among the following is the shortest in duration?,brushing_teeth,door_wood_creaks,can_opening,fireworks,C,consec,3,"['/home/data/ESC-50/ESC-50-master/audio/1-46744-A-36.wav', '/home/data/ESC-50/ESC-50-master/audio/1-46744-A-36.wav', '/home/data/ESC-50/ESC-50-master/audio/2-87282-A-34.wav', '/home/data/ESC-50/ESC-50-master/audio/2-32515-D-4.wav', '/home/data/ESC-50/ESC-50-master/audio/2-32515-D-4.wav']","{'vacuum_cleaner': '/home/data/ESC-50/ESC-50-master/audio/1-46744-A-36.wav', 'can_opening': '/home/data/ESC-50/ESC-50-master/audio/2-87282-A-34.wav', 'frog': '/home/data/ESC-50/ESC-50-master/audio/2-32515-D-4.wav'}"
126,audios/126.wav,Which sound among the following is heard for the longest time?,church_bells,train,clock_alarm,chirping_birds,A,random,3,"['/home/data/ESC-50/ESC-50-master/audio/5-240671-A-44.wav', '/home/data/ESC-50/ESC-50-master/audio/4-182613-B-11.wav', '/home/data/ESC-50/ESC-50-master/audio/4-150364-B-46.wav', '/home/data/ESC-50/ESC-50-master/audio/4-150364-B-46.wav']","{'sea_waves': '/home/data/ESC-50/ESC-50-master/audio/4-182613-B-11.wav', 'engine': '/home/data/ESC-50/ESC-50-master/audio/5-240671-A-44.wav', 'church_bells': '/home/data/ESC-50/ESC-50-master/audio/4-150364-B-46.wav'}"
127,audios/127.wav,Which sound among the following is heard for the greatest length of time?,clapping,pig,engine,hen,D,random,3,"['/home/data/ESC-50/ESC-50-master/audio/2-250710-A-39.wav', '/home/data/ESC-50/ESC-50-master/audio/1-23996-B-35.wav', '/home/data/ESC-50/ESC-50-master/audio/1-72229-A-6.wav', '/home/data/ESC-50/ESC-50-master/audio/1-72229-A-6.wav', '/home/data/ESC-50/ESC-50-master/audio/1-72229-A-6.wav']","{'glass_breaking': '/home/data/ESC-50/ESC-50-master/audio/2-250710-A-39.wav', 'hen': '/home/data/ESC-50/ESC-50-master/audio/1-72229-A-6.wav', 'washing_machine': '/home/data/ESC-50/ESC-50-master/audio/1-23996-B-35.wav'}"
129,audios/129.wav,Which sound among the following is heard for the longest time?,chirping_birds,crying_baby,church_bells,brushing_teeth,C,consec,2,"['/home/data/ESC-50/ESC-50-master/audio/5-197988-A-46.wav', '/home/data/ESC-50/ESC-50-master/audio/5-197988-A-46.wav', '/home/data/ESC-50/ESC-50-master/audio/5-197988-A-46.wav', '/home/data/ESC-50/ESC-50-master/audio/2-98392-A-23.wav', '/home/data/ESC-50/ESC-50-master/audio/3-152007-E-20.wav']","{'church_bells': '/home/data/ESC-50/ESC-50-master/audio/5-197988-A-46.wav', 'breathing': '/home/data/ESC-50/ESC-50-master/audio/2-98392-A-23.wav', 'crying_baby': '/home/data/ESC-50/ESC-50-master/audio/3-152007-E-20.wav'}"
130,audios/130.wav,Which of the given sounds is heard for the least amount of time?,siren,helicopter,sneezing,mouse_click,A,consec,1,"['/home/data/ESC-50/ESC-50-master/audio/3-142605-A-21.wav', '/home/data/ESC-50/ESC-50-master/audio/3-142605-A-21.wav', '/home/data/ESC-50/ESC-50-master/audio/4-193480-A-40.wav', '/home/data/ESC-50/ESC-50-master/audio/4-193480-A-40.wav', '/home/data/ESC-50/ESC-50-master/audio/2-70052-A-42.wav']","{'sneezing': '/home/data/ESC-50/ESC-50-master/audio/3-142605-A-21.wav', 'helicopter': '/home/data/ESC-50/ESC-50-master/audio/4-193480-A-40.wav', 'siren': '/home/data/ESC-50/ESC-50-master/audio/2-70052-A-42.wav'}"
131,audios/131.wav,Which of the following sounds lasts for the shortest time?,engine,footsteps,wind,breathing,A,random,3,"['/home/data/ESC-50/ESC-50-master/audio/4-135439-A-18.wav', '/home/data/ESC-50/ESC-50-master/audio/1-18527-B-44.wav', '/home/data/ESC-50/ESC-50-master/audio/5-245040-A-35.wav', '/home/data/ESC-50/ESC-50-master/audio/5-245040-A-35.wav', '/home/data/ESC-50/ESC-50-master/audio/4-135439-A-18.wav']","{'washing_machine': '/home/data/ESC-50/ESC-50-master/audio/5-245040-A-35.wav', 'toilet_flush': '/home/data/ESC-50/ESC-50-master/audio/4-135439-A-18.wav', 'engine': '/home/data/ESC-50/ESC-50-master/audio/1-18527-B-44.wav'}"
132,audios/132.wav,Which of the following sounds lasts for the shortest time?,keyboard_typing,cow,rooster,crow,D,consec,3,"['/home/data/ESC-50/ESC-50-master/audio/1-96950-B-9.wav', '/home/data/ESC-50/ESC-50-master/audio/2-94230-A-27.wav', '/home/data/ESC-50/ESC-50-master/audio/2-94230-A-27.wav', '/home/data/ESC-50/ESC-50-master/audio/3-144253-A-29.wav', '/home/data/ESC-50/ESC-50-master/audio/3-144253-A-29.wav']","{'crow': '/home/data/ESC-50/ESC-50-master/audio/1-96950-B-9.wav', 'brushing_teeth': '/home/data/ESC-50/ESC-50-master/audio/2-94230-A-27.wav', 'drinking_sipping': '/home/data/ESC-50/ESC-50-master/audio/3-144253-A-29.wav'}"
133,audios/133.wav,Which sound among the following is heard for the longest time?,crying_baby,siren,engine,train,A,consec,1,"['/home/data/ESC-50/ESC-50-master/audio/2-70052-B-42.wav', '/home/data/ESC-50/ESC-50-master/audio/2-122067-B-45.wav', '/home/data/ESC-50/ESC-50-master/audio/4-167077-C-20.wav', '/home/data/ESC-50/ESC-50-master/audio/4-167077-C-20.wav']","{'siren': '/home/data/ESC-50/ESC-50-master/audio/2-70052-B-42.wav', 'train': '/home/data/ESC-50/ESC-50-master/audio/2-122067-B-45.wav', 'crying_baby': '/home/data/ESC-50/ESC-50-master/audio/4-167077-C-20.wav'}"
134,audios/134.wav,Which sound among the following is heard for the longest time?,church_bells,footsteps,cow,rooster,A,random,3,"['/home/data/ESC-50/ESC-50-master/audio/4-128659-A-33.wav', '/home/data/ESC-50/ESC-50-master/audio/3-87936-B-46.wav', '/home/data/ESC-50/ESC-50-master/audio/3-87936-B-46.wav', '/home/data/ESC-50/ESC-50-master/audio/3-87936-B-46.wav', '/home/data/ESC-50/ESC-50-master/audio/2-118459-B-32.wav']","{'church_bells': '/home/data/ESC-50/ESC-50-master/audio/3-87936-B-46.wav', 'door_wood_creaks': '/home/data/ESC-50/ESC-50-master/audio/4-128659-A-33.wav', 'keyboard_typing': '/home/data/ESC-50/ESC-50-master/audio/2-118459-B-32.wav'}"
135,audios/135.wav,Which sound among the following is heard for the longest time?,sea_waves,hand_saw,crackling_fire,clock_tick,B,random,3,"['/home/data/ESC-50/ESC-50-master/audio/5-253101-C-49.wav', '/home/data/ESC-50/ESC-50-master/audio/3-134049-A-1.wav', '/home/data/ESC-50/ESC-50-master/audio/1-21896-A-35.wav', '/home/data/ESC-50/ESC-50-master/audio/5-253101-C-49.wav', '/home/data/ESC-50/ESC-50-master/audio/5-253101-C-49.wav']","{'rooster': '/home/data/ESC-50/ESC-50-master/audio/3-134049-A-1.wav', 'washing_machine': '/home/data/ESC-50/ESC-50-master/audio/1-21896-A-35.wav', 'hand_saw': '/home/data/ESC-50/ESC-50-master/audio/5-253101-C-49.wav'}"
136,audios/136.wav,Which of the given sounds is heard for the least amount of time?,car_horn,chainsaw,snoring,helicopter,A,random,2,"['/home/data/ESC-50/ESC-50-master/audio/3-98771-A-18.wav', '/home/data/ESC-50/ESC-50-master/audio/1-19898-C-41.wav', '/home/data/ESC-50/ESC-50-master/audio/1-19898-C-41.wav', '/home/data/ESC-50/ESC-50-master/audio/4-175856-A-43.wav', '/home/data/ESC-50/ESC-50-master/audio/3-98771-A-18.wav']","{'car_horn': '/home/data/ESC-50/ESC-50-master/audio/4-175856-A-43.wav', 'toilet_flush': '/home/data/ESC-50/ESC-50-master/audio/3-98771-A-18.wav', 'chainsaw': '/home/data/ESC-50/ESC-50-master/audio/1-19898-C-41.wav'}"
138,audios/138.wav,Which of the following sounds lasts for the shortest time?,door_wood_knock,train,door_wood_creaks,keyboard_typing,A,random,2,"['/home/data/ESC-50/ESC-50-master/audio/5-263831-A-6.wav', '/home/data/ESC-50/ESC-50-master/audio/5-263831-A-6.wav', '/home/data/ESC-50/ESC-50-master/audio/2-122067-A-45.wav', '/home/data/ESC-50/ESC-50-master/audio/2-122067-A-45.wav', '/home/data/ESC-50/ESC-50-master/audio/3-154378-A-30.wav']","{'hen': '/home/data/ESC-50/ESC-50-master/audio/5-263831-A-6.wav', 'train': '/home/data/ESC-50/ESC-50-master/audio/2-122067-A-45.wav', 'door_wood_knock': '/home/data/ESC-50/ESC-50-master/audio/3-154378-A-30.wav'}"
139,audios/139.wav,Which of the following sounds lasts for the shortest time?,wind,door_wood_creaks,can_opening,laughing,A,consec,3,"['/home/data/ESC-50/ESC-50-master/audio/1-85123-A-31.wav', '/home/data/ESC-50/ESC-50-master/audio/1-85123-A-31.wav', '/home/data/ESC-50/ESC-50-master/audio/1-39901-B-11.wav', '/home/data/ESC-50/ESC-50-master/audio/1-39901-B-11.wav', '/home/data/ESC-50/ESC-50-master/audio/3-136608-A-16.wav']","{'mouse_click': '/home/data/ESC-50/ESC-50-master/audio/1-85123-A-31.wav', 'sea_waves': '/home/data/ESC-50/ESC-50-master/audio/1-39901-B-11.wav', 'wind': '/home/data/ESC-50/ESC-50-master/audio/3-136608-A-16.wav'}"
141,audios/141.wav,Which sound among the following is heard for the longest time?,cat,wind,crackling_fire,door_wood_creaks,A,consec,3,"['/home/data/ESC-50/ESC-50-master/audio/1-79113-A-5.wav', '/home/data/ESC-50/ESC-50-master/audio/1-79113-A-5.wav', '/home/data/ESC-50/ESC-50-master/audio/4-143118-B-7.wav', '/home/data/ESC-50/ESC-50-master/audio/1-48413-A-38.wav']","{'cat': '/home/data/ESC-50/ESC-50-master/audio/1-79113-A-5.wav', 'insects': '/home/data/ESC-50/ESC-50-master/audio/4-143118-B-7.wav', 'clock_tick': '/home/data/ESC-50/ESC-50-master/audio/1-48413-A-38.wav'}"
142,audios/142.wav,Which of the following sounds lasts for the shortest time?,door_wood_creaks,wind,sea_waves,hen,B,consec,2,"['/home/data/ESC-50/ESC-50-master/audio/3-118194-A-33.wav', '/home/data/ESC-50/ESC-50-master/audio/3-118194-A-33.wav', '/home/data/ESC-50/ESC-50-master/audio/5-198891-A-8.wav', '/home/data/ESC-50/ESC-50-master/audio/5-198891-A-8.wav', '/home/data/ESC-50/ESC-50-master/audio/1-29532-A-16.wav']","{'door_wood_creaks': '/home/data/ESC-50/ESC-50-master/audio/3-118194-A-33.wav', 'sheep': '/home/data/ESC-50/ESC-50-master/audio/5-198891-A-8.wav', 'wind': '/home/data/ESC-50/ESC-50-master/audio/1-29532-A-16.wav'}"
144,audios/144.wav,Which sound among the following is heard for the longest time?,clock_tick,crickets,airplane,cat,B,random,1,"['/home/data/ESC-50/ESC-50-master/audio/2-82274-B-5.wav', '/home/data/ESC-50/ESC-50-master/audio/4-161099-B-47.wav', '/home/data/ESC-50/ESC-50-master/audio/4-195707-A-13.wav', '/home/data/ESC-50/ESC-50-master/audio/4-195707-A-13.wav', '/home/data/ESC-50/ESC-50-master/audio/4-195707-A-13.wav']","{'airplane': '/home/data/ESC-50/ESC-50-master/audio/4-161099-B-47.wav', 'crickets': '/home/data/ESC-50/ESC-50-master/audio/4-195707-A-13.wav', 'cat': '/home/data/ESC-50/ESC-50-master/audio/2-82274-B-5.wav'}"
145,audios/145.wav,Which of these sounds has the longest duration?,door_wood_creaks,rain,breathing,train,B,random,1,"['/home/data/ESC-50/ESC-50-master/audio/5-188606-A-33.wav', '/home/data/ESC-50/ESC-50-master/audio/1-21189-A-10.wav', '/home/data/ESC-50/ESC-50-master/audio/1-18631-A-23.wav', '/home/data/ESC-50/ESC-50-master/audio/1-21189-A-10.wav']","{'rain': '/home/data/ESC-50/ESC-50-master/audio/1-21189-A-10.wav', 'door_wood_creaks': '/home/data/ESC-50/ESC-50-master/audio/5-188606-A-33.wav', 'breathing': '/home/data/ESC-50/ESC-50-master/audio/1-18631-A-23.wav'}"
146,audios/146.wav,Which sound among the following is heard for the longest time?,siren,crackling_fire,insects,wind,C,consec,3,"['/home/data/ESC-50/ESC-50-master/audio/5-253094-C-49.wav', '/home/data/ESC-50/ESC-50-master/audio/3-104761-B-7.wav', '/home/data/ESC-50/ESC-50-master/audio/3-104761-B-7.wav', '/home/data/ESC-50/ESC-50-master/audio/4-163264-A-10.wav']","{'hand_saw': '/home/data/ESC-50/ESC-50-master/audio/5-253094-C-49.wav', 'insects': '/home/data/ESC-50/ESC-50-master/audio/3-104761-B-7.wav', 'rain': '/home/data/ESC-50/ESC-50-master/audio/4-163264-A-10.wav'}"
147,audios/147.wav,Which of these sounds has the longest duration?,frog,door_wood_creaks,vacuum_cleaner,pig,C,random,2,"['/home/data/ESC-50/ESC-50-master/audio/4-147240-A-2.wav', '/home/data/ESC-50/ESC-50-master/audio/3-150363-A-38.wav', '/home/data/ESC-50/ESC-50-master/audio/2-141682-B-36.wav', '/home/data/ESC-50/ESC-50-master/audio/2-141682-B-36.wav']","{'clock_tick': '/home/data/ESC-50/ESC-50-master/audio/3-150363-A-38.wav', 'pig': '/home/data/ESC-50/ESC-50-master/audio/4-147240-A-2.wav', 'vacuum_cleaner': '/home/data/ESC-50/ESC-50-master/audio/2-141682-B-36.wav'}"
149,audios/149.wav,Which sound among the following is heard for the longest time?,crying_baby,pouring_water,washing_machine,laughing,A,consec,1,"['/home/data/ESC-50/ESC-50-master/audio/4-218199-B-35.wav', '/home/data/ESC-50/ESC-50-master/audio/2-107351-B-20.wav', '/home/data/ESC-50/ESC-50-master/audio/2-107351-B-20.wav', '/home/data/ESC-50/ESC-50-master/audio/2-107351-B-20.wav', '/home/data/ESC-50/ESC-50-master/audio/4-168868-A-17.wav']","{'washing_machine': '/home/data/ESC-50/ESC-50-master/audio/4-218199-B-35.wav', 'crying_baby': '/home/data/ESC-50/ESC-50-master/audio/2-107351-B-20.wav', 'pouring_water': '/home/data/ESC-50/ESC-50-master/audio/4-168868-A-17.wav'}"
150,audios/150.wav,Which sound among the following is the shortest in duration?,crying_baby,drinking_sipping,brushing_teeth,washing_machine,B,random,2,"['/home/data/ESC-50/ESC-50-master/audio/2-59565-A-46.wav', '/home/data/ESC-50/ESC-50-master/audio/2-59565-A-46.wav', '/home/data/ESC-50/ESC-50-master/audio/4-172500-D-27.wav', '/home/data/ESC-50/ESC-50-master/audio/3-140323-A-29.wav', '/home/data/ESC-50/ESC-50-master/audio/4-172500-D-27.wav']","{'brushing_teeth': '/home/data/ESC-50/ESC-50-master/audio/4-172500-D-27.wav', 'drinking_sipping': '/home/data/ESC-50/ESC-50-master/audio/3-140323-A-29.wav', 'church_bells': '/home/data/ESC-50/ESC-50-master/audio/2-59565-A-46.wav'}"
151,audios/151.wav,Which of these sounds has the longest duration?,church_bells,thunderstorm,crow,toilet_flush,A,random,2,"['/home/data/ESC-50/ESC-50-master/audio/5-253534-A-26.wav', '/home/data/ESC-50/ESC-50-master/audio/5-213836-A-9.wav', '/home/data/ESC-50/ESC-50-master/audio/2-77347-A-46.wav', '/home/data/ESC-50/ESC-50-master/audio/2-77347-A-46.wav', '/home/data/ESC-50/ESC-50-master/audio/2-77347-A-46.wav']","{'crow': '/home/data/ESC-50/ESC-50-master/audio/5-213836-A-9.wav', 'church_bells': '/home/data/ESC-50/ESC-50-master/audio/2-77347-A-46.wav', 'laughing': '/home/data/ESC-50/ESC-50-master/audio/5-253534-A-26.wav'}"
153,audios/153.wav,Which of the following sounds lasts for the shortest time?,can_opening,crackling_fire,clock_tick,cow,A,random,1,"['/home/data/ESC-50/ESC-50-master/audio/3-170383-A-38.wav', '/home/data/ESC-50/ESC-50-master/audio/3-170383-A-38.wav', '/home/data/ESC-50/ESC-50-master/audio/4-170247-A-12.wav', '/home/data/ESC-50/ESC-50-master/audio/4-170247-A-12.wav', '/home/data/ESC-50/ESC-50-master/audio/3-155659-A-34.wav']","{'can_opening': '/home/data/ESC-50/ESC-50-master/audio/3-155659-A-34.wav', 'clock_tick': '/home/data/ESC-50/ESC-50-master/audio/3-170383-A-38.wav', 'crackling_fire': '/home/data/ESC-50/ESC-50-master/audio/4-170247-A-12.wav'}"
159,audios/159.wav,Which of the given sounds is heard for the least amount of time?,footsteps,door_wood_creaks,keyboard_typing,wind,A,consec,3,"['/home/data/ESC-50/ESC-50-master/audio/2-84943-A-18.wav', '/home/data/ESC-50/ESC-50-master/audio/2-84943-A-18.wav', '/home/data/ESC-50/ESC-50-master/audio/4-200330-A-6.wav', '/home/data/ESC-50/ESC-50-master/audio/4-200330-A-6.wav', '/home/data/ESC-50/ESC-50-master/audio/2-209474-A-25.wav']","{'toilet_flush': '/home/data/ESC-50/ESC-50-master/audio/2-84943-A-18.wav', 'hen': '/home/data/ESC-50/ESC-50-master/audio/4-200330-A-6.wav', 'footsteps': '/home/data/ESC-50/ESC-50-master/audio/2-209474-A-25.wav'}"
160,audios/160.wav,Which sound among the following is heard for the longest time?,snoring,insects,clapping,pig,B,consec,2,"['/home/data/ESC-50/ESC-50-master/audio/3-233151-A-2.wav', '/home/data/ESC-50/ESC-50-master/audio/5-251962-A-47.wav', '/home/data/ESC-50/ESC-50-master/audio/2-82077-A-7.wav', '/home/data/ESC-50/ESC-50-master/audio/2-82077-A-7.wav', '/home/data/ESC-50/ESC-50-master/audio/2-82077-A-7.wav']","{'pig': '/home/data/ESC-50/ESC-50-master/audio/3-233151-A-2.wav', 'airplane': '/home/data/ESC-50/ESC-50-master/audio/5-251962-A-47.wav', 'insects': '/home/data/ESC-50/ESC-50-master/audio/2-82077-A-7.wav'}"
162,audios/162.wav,Which of the given sounds is heard for the least amount of time?,coughing,fireworks,sea_waves,thunderstorm,B,consec,3,"['/home/data/ESC-50/ESC-50-master/audio/5-181766-A-10.wav', '/home/data/ESC-50/ESC-50-master/audio/5-181766-A-10.wav', '/home/data/ESC-50/ESC-50-master/audio/4-99644-C-4.wav', '/home/data/ESC-50/ESC-50-master/audio/4-99644-C-4.wav', '/home/data/ESC-50/ESC-50-master/audio/2-117615-E-48.wav']","{'rain': '/home/data/ESC-50/ESC-50-master/audio/5-181766-A-10.wav', 'frog': '/home/data/ESC-50/ESC-50-master/audio/4-99644-C-4.wav', 'fireworks': '/home/data/ESC-50/ESC-50-master/audio/2-117615-E-48.wav'}"
163,audios/163.wav,Which sound among the following is the shortest in duration?,clock_alarm,breathing,brushing_teeth,rooster,A,random,2,"['/home/data/ESC-50/ESC-50-master/audio/4-155670-A-26.wav', '/home/data/ESC-50/ESC-50-master/audio/4-189332-A-37.wav', '/home/data/ESC-50/ESC-50-master/audio/4-155670-A-26.wav', '/home/data/ESC-50/ESC-50-master/audio/3-126391-B-27.wav', '/home/data/ESC-50/ESC-50-master/audio/3-126391-B-27.wav']","{'brushing_teeth': '/home/data/ESC-50/ESC-50-master/audio/3-126391-B-27.wav', 'clock_alarm': '/home/data/ESC-50/ESC-50-master/audio/4-189332-A-37.wav', 'laughing': '/home/data/ESC-50/ESC-50-master/audio/4-155670-A-26.wav'}"
165,audios/165.wav,Which of the following sounds lasts for the shortest time?,glass_breaking,crying_baby,laughing,wind,A,random,2,"['/home/data/ESC-50/ESC-50-master/audio/1-88807-A-39.wav', '/home/data/ESC-50/ESC-50-master/audio/2-96654-A-47.wav', '/home/data/ESC-50/ESC-50-master/audio/4-167077-A-20.wav', '/home/data/ESC-50/ESC-50-master/audio/2-96654-A-47.wav', '/home/data/ESC-50/ESC-50-master/audio/4-167077-A-20.wav']","{'crying_baby': '/home/data/ESC-50/ESC-50-master/audio/4-167077-A-20.wav', 'glass_breaking': '/home/data/ESC-50/ESC-50-master/audio/1-88807-A-39.wav', 'airplane': '/home/data/ESC-50/ESC-50-master/audio/2-96654-A-47.wav'}"
167,audios/167.wav,Which sound among the following is the shortest in duration?,breathing,crying_baby,rain,brushing_teeth,D,consec,2,"['/home/data/ESC-50/ESC-50-master/audio/5-178997-A-24.wav', '/home/data/ESC-50/ESC-50-master/audio/5-178997-A-24.wav', '/home/data/ESC-50/ESC-50-master/audio/5-198411-B-20.wav', '/home/data/ESC-50/ESC-50-master/audio/5-198411-B-20.wav', '/home/data/ESC-50/ESC-50-master/audio/5-218196-B-27.wav']","{'coughing': '/home/data/ESC-50/ESC-50-master/audio/5-178997-A-24.wav', 'crying_baby': '/home/data/ESC-50/ESC-50-master/audio/5-198411-B-20.wav', 'brushing_teeth': '/home/data/ESC-50/ESC-50-master/audio/5-218196-B-27.wav'}"
168,audios/168.wav,Which of the following sounds lasts for the shortest time?,clock_alarm,cow,keyboard_typing,drinking_sipping,D,random,2,"['/home/data/ESC-50/ESC-50-master/audio/2-65747-A-12.wav', '/home/data/ESC-50/ESC-50-master/audio/2-65747-A-12.wav', '/home/data/ESC-50/ESC-50-master/audio/3-120526-B-37.wav', '/home/data/ESC-50/ESC-50-master/audio/5-243036-A-29.wav', '/home/data/ESC-50/ESC-50-master/audio/3-120526-B-37.wav']","{'clock_alarm': '/home/data/ESC-50/ESC-50-master/audio/3-120526-B-37.wav', 'drinking_sipping': '/home/data/ESC-50/ESC-50-master/audio/5-243036-A-29.wav', 'crackling_fire': '/home/data/ESC-50/ESC-50-master/audio/2-65747-A-12.wav'}"
169,audios/169.wav,Which of the given sounds is heard for the least amount of time?,clapping,pouring_water,church_bells,insects,B,random,1,"['/home/data/ESC-50/ESC-50-master/audio/1-50625-A-17.wav', '/home/data/ESC-50/ESC-50-master/audio/3-110913-A-7.wav', '/home/data/ESC-50/ESC-50-master/audio/4-147657-A-46.wav', '/home/data/ESC-50/ESC-50-master/audio/3-110913-A-7.wav', '/home/data/ESC-50/ESC-50-master/audio/4-147657-A-46.wav']","{'pouring_water': '/home/data/ESC-50/ESC-50-master/audio/1-50625-A-17.wav', 'church_bells': '/home/data/ESC-50/ESC-50-master/audio/4-147657-A-46.wav', 'insects': '/home/data/ESC-50/ESC-50-master/audio/3-110913-A-7.wav'}"
170,audios/170.wav,Which of the following sounds lasts for the shortest time?,sea_waves,laughing,clock_alarm,engine,C,random,1,"['/home/data/ESC-50/ESC-50-master/audio/2-106014-A-44.wav', '/home/data/ESC-50/ESC-50-master/audio/2-106014-A-44.wav', '/home/data/ESC-50/ESC-50-master/audio/5-171118-A-26.wav', '/home/data/ESC-50/ESC-50-master/audio/5-171118-A-26.wav', '/home/data/ESC-50/ESC-50-master/audio/3-139958-A-37.wav']","{'engine': '/home/data/ESC-50/ESC-50-master/audio/2-106014-A-44.wav', 'clock_alarm': '/home/data/ESC-50/ESC-50-master/audio/3-139958-A-37.wav', 'laughing': '/home/data/ESC-50/ESC-50-master/audio/5-171118-A-26.wav'}"
171,audios/171.wav,Which of these sounds has the longest duration?,crying_baby,clapping,breathing,cat,B,consec,1,"['/home/data/ESC-50/ESC-50-master/audio/4-205738-A-22.wav', '/home/data/ESC-50/ESC-50-master/audio/4-205738-A-22.wav', '/home/data/ESC-50/ESC-50-master/audio/4-205738-A-22.wav', '/home/data/ESC-50/ESC-50-master/audio/1-47819-A-5.wav', '/home/data/ESC-50/ESC-50-master/audio/1-30709-B-23.wav']","{'clapping': '/home/data/ESC-50/ESC-50-master/audio/4-205738-A-22.wav', 'cat': '/home/data/ESC-50/ESC-50-master/audio/1-47819-A-5.wav', 'breathing': '/home/data/ESC-50/ESC-50-master/audio/1-30709-B-23.wav'}"
172,audios/172.wav,Which of these sounds has the longest duration?,insects,breathing,door_wood_creaks,thunderstorm,C,random,3,"['/home/data/ESC-50/ESC-50-master/audio/4-107122-A-33.wav', '/home/data/ESC-50/ESC-50-master/audio/5-216214-A-13.wav', '/home/data/ESC-50/ESC-50-master/audio/1-50060-A-10.wav', '/home/data/ESC-50/ESC-50-master/audio/4-107122-A-33.wav']","{'door_wood_creaks': '/home/data/ESC-50/ESC-50-master/audio/4-107122-A-33.wav', 'rain': '/home/data/ESC-50/ESC-50-master/audio/1-50060-A-10.wav', 'crickets': '/home/data/ESC-50/ESC-50-master/audio/5-216214-A-13.wav'}"
174,audios/174.wav,Which sound among the following is the shortest in duration?,sneezing,pouring_water,drinking_sipping,wind,A,random,3,"['/home/data/ESC-50/ESC-50-master/audio/3-138114-A-22.wav', '/home/data/ESC-50/ESC-50-master/audio/3-58772-A-42.wav', '/home/data/ESC-50/ESC-50-master/audio/3-138114-A-22.wav', '/home/data/ESC-50/ESC-50-master/audio/4-184434-A-21.wav', '/home/data/ESC-50/ESC-50-master/audio/3-58772-A-42.wav']","{'siren': '/home/data/ESC-50/ESC-50-master/audio/3-58772-A-42.wav', 'clapping': '/home/data/ESC-50/ESC-50-master/audio/3-138114-A-22.wav', 'sneezing': '/home/data/ESC-50/ESC-50-master/audio/4-184434-A-21.wav'}"
175,audios/175.wav,Which sound among the following is heard for the longest time?,cow,glass_breaking,sea_waves,siren,A,consec,3,"['/home/data/ESC-50/ESC-50-master/audio/5-208030-A-0.wav', '/home/data/ESC-50/ESC-50-master/audio/3-154758-A-44.wav', '/home/data/ESC-50/ESC-50-master/audio/3-152039-B-3.wav', '/home/data/ESC-50/ESC-50-master/audio/3-152039-B-3.wav']","{'dog': '/home/data/ESC-50/ESC-50-master/audio/5-208030-A-0.wav', 'engine': '/home/data/ESC-50/ESC-50-master/audio/3-154758-A-44.wav', 'cow': '/home/data/ESC-50/ESC-50-master/audio/3-152039-B-3.wav'}"
176,audios/176.wav,Which of the following sounds lasts for the shortest time?,rooster,crickets,door_wood_creaks,dog,C,random,2,"['/home/data/ESC-50/ESC-50-master/audio/4-183992-A-0.wav', '/home/data/ESC-50/ESC-50-master/audio/1-76831-C-42.wav', '/home/data/ESC-50/ESC-50-master/audio/1-76831-C-42.wav', '/home/data/ESC-50/ESC-50-master/audio/3-101381-B-33.wav', '/home/data/ESC-50/ESC-50-master/audio/4-183992-A-0.wav']","{'door_wood_creaks': '/home/data/ESC-50/ESC-50-master/audio/3-101381-B-33.wav', 'dog': '/home/data/ESC-50/ESC-50-master/audio/4-183992-A-0.wav', 'siren': '/home/data/ESC-50/ESC-50-master/audio/1-76831-C-42.wav'}"
177,audios/177.wav,Which sound among the following is heard for the greatest length of time?,vacuum_cleaner,sea_waves,rain,drinking_sipping,D,consec,3,"['/home/data/ESC-50/ESC-50-master/audio/2-139749-A-15.wav', '/home/data/ESC-50/ESC-50-master/audio/2-122763-B-29.wav', '/home/data/ESC-50/ESC-50-master/audio/2-122763-B-29.wav', '/home/data/ESC-50/ESC-50-master/audio/2-122763-B-29.wav', '/home/data/ESC-50/ESC-50-master/audio/5-253094-C-49.wav']","{'water_drops': '/home/data/ESC-50/ESC-50-master/audio/2-139749-A-15.wav', 'drinking_sipping': '/home/data/ESC-50/ESC-50-master/audio/2-122763-B-29.wav', 'hand_saw': '/home/data/ESC-50/ESC-50-master/audio/5-253094-C-49.wav'}"
178,audios/178.wav,Which of the given sounds is heard for the least amount of time?,sheep,insects,wind,laughing,D,random,2,"['/home/data/ESC-50/ESC-50-master/audio/5-157204-A-16.wav', '/home/data/ESC-50/ESC-50-master/audio/5-157204-A-16.wav', '/home/data/ESC-50/ESC-50-master/audio/4-119720-A-18.wav', '/home/data/ESC-50/ESC-50-master/audio/4-119720-A-18.wav', '/home/data/ESC-50/ESC-50-master/audio/1-1791-A-26.wav']","{'laughing': '/home/data/ESC-50/ESC-50-master/audio/1-1791-A-26.wav', 'toilet_flush': '/home/data/ESC-50/ESC-50-master/audio/4-119720-A-18.wav', 'wind': '/home/data/ESC-50/ESC-50-master/audio/5-157204-A-16.wav'}"
179,audios/179.wav,Which sound among the following is heard for the longest time?,wind,coughing,sea_waves,water_drops,A,random,3,"['/home/data/ESC-50/ESC-50-master/audio/5-213836-B-9.wav', '/home/data/ESC-50/ESC-50-master/audio/5-157204-A-16.wav', '/home/data/ESC-50/ESC-50-master/audio/5-157204-A-16.wav', '/home/data/ESC-50/ESC-50-master/audio/4-251645-B-49.wav']","{'wind': '/home/data/ESC-50/ESC-50-master/audio/5-157204-A-16.wav', 'hand_saw': '/home/data/ESC-50/ESC-50-master/audio/4-251645-B-49.wav', 'crow': '/home/data/ESC-50/ESC-50-master/audio/5-213836-B-9.wav'}"
180,audios/180.wav,Which sound among the following is the shortest in duration?,hand_saw,car_horn,frog,footsteps,B,random,1,"['/home/data/ESC-50/ESC-50-master/audio/4-198360-B-49.wav', '/home/data/ESC-50/ESC-50-master/audio/3-70962-B-4.wav', '/home/data/ESC-50/ESC-50-master/audio/3-70962-B-4.wav', '/home/data/ESC-50/ESC-50-master/audio/4-176631-A-43.wav', '/home/data/ESC-50/ESC-50-master/audio/4-198360-B-49.wav']","{'car_horn': '/home/data/ESC-50/ESC-50-master/audio/4-176631-A-43.wav', 'frog': '/home/data/ESC-50/ESC-50-master/audio/3-70962-B-4.wav', 'hand_saw': '/home/data/ESC-50/ESC-50-master/audio/4-198360-B-49.wav'}"
181,audios/181.wav,Which sound among the following is heard for the longest time?,frog,sheep,door_wood_creaks,water_drops,B,consec,3,"['/home/data/ESC-50/ESC-50-master/audio/4-210000-B-23.wav', '/home/data/ESC-50/ESC-50-master/audio/4-188703-A-8.wav', '/home/data/ESC-50/ESC-50-master/audio/4-188703-A-8.wav', '/home/data/ESC-50/ESC-50-master/audio/4-188703-A-8.wav', '/home/data/ESC-50/ESC-50-master/audio/4-156827-A-46.wav']","{'breathing': '/home/data/ESC-50/ESC-50-master/audio/4-210000-B-23.wav', 'sheep': '/home/data/ESC-50/ESC-50-master/audio/4-188703-A-8.wav', 'church_bells': '/home/data/ESC-50/ESC-50-master/audio/4-156827-A-46.wav'}"
182,audios/182.wav,Which of these sounds has the longest duration?,cow,sheep,clock_alarm,snoring,D,consec,3,"['/home/data/ESC-50/ESC-50-master/audio/4-184237-A-28.wav', '/home/data/ESC-50/ESC-50-master/audio/4-184237-A-28.wav', '/home/data/ESC-50/ESC-50-master/audio/1-54918-A-14.wav', '/home/data/ESC-50/ESC-50-master/audio/3-157487-A-10.wav']","{'snoring': '/home/data/ESC-50/ESC-50-master/audio/4-184237-A-28.wav', 'chirping_birds': '/home/data/ESC-50/ESC-50-master/audio/1-54918-A-14.wav', 'rain': '/home/data/ESC-50/ESC-50-master/audio/3-157487-A-10.wav'}"
183,audios/183.wav,Which sound among the following is the shortest in duration?,airplane,cow,crickets,pouring_water,B,random,1,"['/home/data/ESC-50/ESC-50-master/audio/2-78799-A-47.wav', '/home/data/ESC-50/ESC-50-master/audio/3-154439-A-17.wav', '/home/data/ESC-50/ESC-50-master/audio/3-154439-A-17.wav', '/home/data/ESC-50/ESC-50-master/audio/2-78799-A-47.wav', '/home/data/ESC-50/ESC-50-master/audio/4-174860-A-3.wav']","{'airplane': '/home/data/ESC-50/ESC-50-master/audio/2-78799-A-47.wav', 'pouring_water': '/home/data/ESC-50/ESC-50-master/audio/3-154439-A-17.wav', 'cow': '/home/data/ESC-50/ESC-50-master/audio/4-174860-A-3.wav'}"
184,audios/184.wav,Which sound among the following is heard for the greatest length of time?,chirping_birds,coughing,hand_saw,fireworks,C,consec,1,"['/home/data/ESC-50/ESC-50-master/audio/2-184077-A-49.wav', '/home/data/ESC-50/ESC-50-master/audio/2-184077-A-49.wav', '/home/data/ESC-50/ESC-50-master/audio/2-184077-A-49.wav', '/home/data/ESC-50/ESC-50-master/audio/5-243450-A-14.wav', '/home/data/ESC-50/ESC-50-master/audio/2-123896-A-24.wav']","{'hand_saw': '/home/data/ESC-50/ESC-50-master/audio/2-184077-A-49.wav', 'chirping_birds': '/home/data/ESC-50/ESC-50-master/audio/5-243450-A-14.wav', 'coughing': '/home/data/ESC-50/ESC-50-master/audio/2-123896-A-24.wav'}"
186,audios/186.wav,Which sound among the following is heard for the longest time?,helicopter,insects,brushing_teeth,airplane,D,consec,3,"['/home/data/ESC-50/ESC-50-master/audio/5-251971-A-47.wav', '/home/data/ESC-50/ESC-50-master/audio/5-251971-A-47.wav', '/home/data/ESC-50/ESC-50-master/audio/5-251971-A-47.wav', '/home/data/ESC-50/ESC-50-master/audio/3-144510-A-30.wav', '/home/data/ESC-50/ESC-50-master/audio/3-118658-B-41.wav']","{'airplane': '/home/data/ESC-50/ESC-50-master/audio/5-251971-A-47.wav', 'door_wood_knock': '/home/data/ESC-50/ESC-50-master/audio/3-144510-A-30.wav', 'chainsaw': '/home/data/ESC-50/ESC-50-master/audio/3-118658-B-41.wav'}"
187,audios/187.wav,Which sound among the following is the shortest in duration?,laughing,sheep,car_horn,frog,A,random,3,"['/home/data/ESC-50/ESC-50-master/audio/5-242932-B-26.wav', '/home/data/ESC-50/ESC-50-master/audio/4-197103-A-6.wav', '/home/data/ESC-50/ESC-50-master/audio/4-197103-A-6.wav', '/home/data/ESC-50/ESC-50-master/audio/4-90014-B-42.wav', '/home/data/ESC-50/ESC-50-master/audio/4-90014-B-42.wav']","{'hen': '/home/data/ESC-50/ESC-50-master/audio/4-197103-A-6.wav', 'laughing': '/home/data/ESC-50/ESC-50-master/audio/5-242932-B-26.wav', 'siren': '/home/data/ESC-50/ESC-50-master/audio/4-90014-B-42.wav'}"
188,audios/188.wav,Which of these sounds has the longest duration?,wind,thunderstorm,airplane,pouring_water,B,consec,2,"['/home/data/ESC-50/ESC-50-master/audio/4-163609-A-16.wav', '/home/data/ESC-50/ESC-50-master/audio/4-165813-B-19.wav', '/home/data/ESC-50/ESC-50-master/audio/4-165813-B-19.wav', '/home/data/ESC-50/ESC-50-master/audio/5-262957-A-22.wav']","{'wind': '/home/data/ESC-50/ESC-50-master/audio/4-163609-A-16.wav', 'thunderstorm': '/home/data/ESC-50/ESC-50-master/audio/4-165813-B-19.wav', 'clapping': '/home/data/ESC-50/ESC-50-master/audio/5-262957-A-22.wav'}"
190,audios/190.wav,Which of the following sounds lasts for the shortest time?,crow,chirping_birds,door_wood_creaks,hand_saw,A,consec,3,"['/home/data/ESC-50/ESC-50-master/audio/4-185575-C-20.wav', '/home/data/ESC-50/ESC-50-master/audio/4-185575-C-20.wav', '/home/data/ESC-50/ESC-50-master/audio/4-195805-A-13.wav', '/home/data/ESC-50/ESC-50-master/audio/4-195805-A-13.wav', '/home/data/ESC-50/ESC-50-master/audio/3-112397-A-9.wav']","{'crying_baby': '/home/data/ESC-50/ESC-50-master/audio/4-185575-C-20.wav', 'crickets': '/home/data/ESC-50/ESC-50-master/audio/4-195805-A-13.wav', 'crow': '/home/data/ESC-50/ESC-50-master/audio/3-112397-A-9.wav'}"
191,audios/191.wav,Which sound among the following is heard for the longest time?,snoring,insects,clock_alarm,crackling_fire,A,random,2,"['/home/data/ESC-50/ESC-50-master/audio/1-53444-A-28.wav', '/home/data/ESC-50/ESC-50-master/audio/1-53444-A-28.wav', '/home/data/ESC-50/ESC-50-master/audio/1-46353-A-49.wav', '/home/data/ESC-50/ESC-50-master/audio/4-182314-A-7.wav', '/home/data/ESC-50/ESC-50-master/audio/1-53444-A-28.wav']","{'hand_saw': '/home/data/ESC-50/ESC-50-master/audio/1-46353-A-49.wav', 'snoring': '/home/data/ESC-50/ESC-50-master/audio/1-53444-A-28.wav', 'insects': '/home/data/ESC-50/ESC-50-master/audio/4-182314-A-7.wav'}"
192,audios/192.wav,Which of the following sounds lasts for the shortest time?,glass_breaking,wind,engine,crackling_fire,D,random,2,"['/home/data/ESC-50/ESC-50-master/audio/1-46274-A-18.wav', '/home/data/ESC-50/ESC-50-master/audio/5-189212-A-12.wav', '/home/data/ESC-50/ESC-50-master/audio/5-217186-B-16.wav', '/home/data/ESC-50/ESC-50-master/audio/1-46274-A-18.wav', '/home/data/ESC-50/ESC-50-master/audio/5-217186-B-16.wav']","{'wind': '/home/data/ESC-50/ESC-50-master/audio/5-217186-B-16.wav', 'crackling_fire': '/home/data/ESC-50/ESC-50-master/audio/5-189212-A-12.wav', 'toilet_flush': '/home/data/ESC-50/ESC-50-master/audio/1-46274-A-18.wav'}"
193,audios/193.wav,Which sound among the following is heard for the greatest length of time?,cat,clock_alarm,sheep,snoring,B,random,3,"['/home/data/ESC-50/ESC-50-master/audio/3-127890-A-9.wav', '/home/data/ESC-50/ESC-50-master/audio/4-209536-A-37.wav', '/home/data/ESC-50/ESC-50-master/audio/4-209536-A-37.wav', '/home/data/ESC-50/ESC-50-master/audio/4-164064-C-1.wav']","{'rooster': '/home/data/ESC-50/ESC-50-master/audio/4-164064-C-1.wav', 'crow': '/home/data/ESC-50/ESC-50-master/audio/3-127890-A-9.wav', 'clock_alarm': '/home/data/ESC-50/ESC-50-master/audio/4-209536-A-37.wav'}"
194,audios/194.wav,Which of these sounds has the longest duration?,airplane,pig,breathing,door_wood_creaks,C,random,3,"['/home/data/ESC-50/ESC-50-master/audio/4-168446-A-45.wav', '/home/data/ESC-50/ESC-50-master/audio/4-205526-B-23.wav', '/home/data/ESC-50/ESC-50-master/audio/1-19872-A-36.wav', '/home/data/ESC-50/ESC-50-master/audio/4-205526-B-23.wav']","{'breathing': '/home/data/ESC-50/ESC-50-master/audio/4-205526-B-23.wav', 'train': '/home/data/ESC-50/ESC-50-master/audio/4-168446-A-45.wav', 'vacuum_cleaner': '/home/data/ESC-50/ESC-50-master/audio/1-19872-A-36.wav'}"
195,audios/195.wav,Which of the following sounds lasts for the shortest time?,crickets,airplane,train,cow,D,random,1,"['/home/data/ESC-50/ESC-50-master/audio/5-215447-A-47.wav', '/home/data/ESC-50/ESC-50-master/audio/5-194899-D-3.wav', '/home/data/ESC-50/ESC-50-master/audio/3-157492-A-45.wav', '/home/data/ESC-50/ESC-50-master/audio/3-157492-A-45.wav', '/home/data/ESC-50/ESC-50-master/audio/5-215447-A-47.wav']","{'cow': '/home/data/ESC-50/ESC-50-master/audio/5-194899-D-3.wav', 'train': '/home/data/ESC-50/ESC-50-master/audio/3-157492-A-45.wav', 'airplane': '/home/data/ESC-50/ESC-50-master/audio/5-215447-A-47.wav'}"
196,audios/196.wav,Which of the following sounds lasts for the shortest time?,crying_baby,train,clock_tick,keyboard_typing,B,random,1,"['/home/data/ESC-50/ESC-50-master/audio/1-42139-A-38.wav', '/home/data/ESC-50/ESC-50-master/audio/2-50666-A-20.wav', '/home/data/ESC-50/ESC-50-master/audio/2-50666-A-20.wav', '/home/data/ESC-50/ESC-50-master/audio/1-42139-A-38.wav', '/home/data/ESC-50/ESC-50-master/audio/5-197118-A-45.wav']","{'crying_baby': '/home/data/ESC-50/ESC-50-master/audio/2-50666-A-20.wav', 'train': '/home/data/ESC-50/ESC-50-master/audio/5-197118-A-45.wav', 'clock_tick': '/home/data/ESC-50/ESC-50-master/audio/1-42139-A-38.wav'}"
197,audios/197.wav,Which sound among the following is heard for the longest time?,helicopter,crickets,sheep,frog,D,consec,1,"['/home/data/ESC-50/ESC-50-master/audio/1-88574-A-8.wav', '/home/data/ESC-50/ESC-50-master/audio/5-216213-A-13.wav', '/home/data/ESC-50/ESC-50-master/audio/4-99644-A-4.wav', '/home/data/ESC-50/ESC-50-master/audio/4-99644-A-4.wav']","{'sheep': '/home/data/ESC-50/ESC-50-master/audio/1-88574-A-8.wav', 'crickets': '/home/data/ESC-50/ESC-50-master/audio/5-216213-A-13.wav', 'frog': '/home/data/ESC-50/ESC-50-master/audio/4-99644-A-4.wav'}"
198,audios/198.wav,Which sound among the following is the shortest in duration?,brushing_teeth,dog,can_opening,footsteps,A,random,3,"['/home/data/ESC-50/ESC-50-master/audio/2-78781-A-47.wav', '/home/data/ESC-50/ESC-50-master/audio/2-106015-B-44.wav', '/home/data/ESC-50/ESC-50-master/audio/2-92627-A-27.wav', '/home/data/ESC-50/ESC-50-master/audio/2-106015-B-44.wav', '/home/data/ESC-50/ESC-50-master/audio/2-78781-A-47.wav']","{'airplane': '/home/data/ESC-50/ESC-50-master/audio/2-78781-A-47.wav', 'engine': '/home/data/ESC-50/ESC-50-master/audio/2-106015-B-44.wav', 'brushing_teeth': '/home/data/ESC-50/ESC-50-master/audio/2-92627-A-27.wav'}"
199,audios/199.wav,Which of the following sounds lasts for the shortest time?,crow,crickets,brushing_teeth,coughing,B,random,3,"['/home/data/ESC-50/ESC-50-master/audio/2-122104-A-0.wav', '/home/data/ESC-50/ESC-50-master/audio/3-92637-A-18.wav', '/home/data/ESC-50/ESC-50-master/audio/2-122104-A-0.wav', '/home/data/ESC-50/ESC-50-master/audio/3-92637-A-18.wav', '/home/data/ESC-50/ESC-50-master/audio/3-134802-A-13.wav']","{'dog': '/home/data/ESC-50/ESC-50-master/audio/2-122104-A-0.wav', 'toilet_flush': '/home/data/ESC-50/ESC-50-master/audio/3-92637-A-18.wav', 'crickets': '/home/data/ESC-50/ESC-50-master/audio/3-134802-A-13.wav'}"
