id,question,audio_path,optionA,optionB,optionC,optionD,correct,source_wavs,source_categories
59,Which sound event occurs after sheep sound?,audios/59.wav,Sheep,"Drinking, sipping",Siren,pig,D,"['/home/data/ESC-50/ESC-50-master/audio/3-20861-A-8.wav', '/home/data/ESC-50/ESC-50-master/audio/1-208757-C-2.wav', '/home/data/ESC-50/ESC-50-master/audio/3-144891-A-19.wav']","['sheep', 'pig', 'thunderstorm']"
60,Which sound event occurs after car_horn sound?,audios/60.wav,Cat,Train,water_drops,Pig,C,"['/home/data/ESC-50/ESC-50-master/audio/1-26177-A-43.wav', '/home/data/ESC-50/ESC-50-master/audio/3-166324-A-15.wav']","['car_horn', 'water_drops']"
63,Which sound event occurs second?,audios/63.wav,Crackling fire,Dog,Mouse click,water_drops,D,"['/home/data/ESC-50/ESC-50-master/audio/1-43807-D-47.wav', '/home/data/ESC-50/ESC-50-master/audio/4-168155-A-15.wav', '/home/data/ESC-50/ESC-50-master/audio/1-50688-A-17.wav', '/home/data/ESC-50/ESC-50-master/audio/4-180380-A-10.wav']","['airplane', 'water_drops', 'pouring_water', 'rain']"
66,Which sound event occurs second?,audios/66.wav,Cat,Crow,Clock tick,frog,D,"['/home/data/ESC-50/ESC-50-master/audio/3-108451-B-17.wav', '/home/data/ESC-50/ESC-50-master/audio/3-71964-C-4.wav', '/home/data/ESC-50/ESC-50-master/audio/5-250258-A-49.wav']","['pouring_water', 'frog', 'hand_saw']"
67,Which sound event occurs after can_opening sound?,audios/67.wav,sneezing,Siren,"Drinking, sipping",Clock alarm,A,"['/home/data/ESC-50/ESC-50-master/audio/1-19026-A-43.wav', '/home/data/ESC-50/ESC-50-master/audio/1-69165-A-34.wav', '/home/data/ESC-50/ESC-50-master/audio/3-141684-A-21.wav']","['car_horn', 'can_opening', 'sneezing']"
68,Which sound event occurs second?,audios/68.wav,"Drinking, sipping",Glass breaking,Train,wind,D,"['/home/data/ESC-50/ESC-50-master/audio/1-34853-A-37.wav', '/home/data/ESC-50/ESC-50-master/audio/1-51037-A-16.wav']","['clock_alarm', 'wind']"
70,Which sound event occurs after vacuum_cleaner sound?,audios/70.wav,crackling_fire,Helicopter,Hen,Fireworks,A,"['/home/data/ESC-50/ESC-50-master/audio/1-19840-A-36.wav', '/home/data/ESC-50/ESC-50-master/audio/4-170247-B-12.wav', '/home/data/ESC-50/ESC-50-master/audio/1-137296-A-16.wav']","['vacuum_cleaner', 'crackling_fire', 'wind']"
71,Which sound event occurs second?,audios/71.wav,Chirping birds,"Door, wood creaks",Sea waves,car_horn,D,"['/home/data/ESC-50/ESC-50-master/audio/2-83667-A-34.wav', '/home/data/ESC-50/ESC-50-master/audio/3-243726-A-43.wav', '/home/data/ESC-50/ESC-50-master/audio/4-147657-A-46.wav', '/home/data/ESC-50/ESC-50-master/audio/1-43807-B-47.wav']","['can_opening', 'car_horn', 'church_bells', 'airplane']"
72,Which sound event occurs second?,audios/72.wav,Brushing teeth,glass_breaking,Fireworks,Pouring water,B,"['/home/data/ESC-50/ESC-50-master/audio/1-81883-A-21.wav', '/home/data/ESC-50/ESC-50-master/audio/3-203375-A-39.wav', '/home/data/ESC-50/ESC-50-master/audio/5-151085-A-20.wav', '/home/data/ESC-50/ESC-50-master/audio/3-51909-A-42.wav']","['sneezing', 'glass_breaking', 'crying_baby', 'siren']"
73,Which sound event occurs first?,audios/73.wav,Snoring,Pouring water,laughing,Crackling fire,C,"['/home/data/ESC-50/ESC-50-master/audio/3-118487-A-26.wav', '/home/data/ESC-50/ESC-50-master/audio/5-198411-C-20.wav', '/home/data/ESC-50/ESC-50-master/audio/2-209471-A-25.wav', '/home/data/ESC-50/ESC-50-master/audio/2-106487-A-44.wav']","['laughing', 'crying_baby', 'footsteps', 'engine']"
74,Which sound event occurs after coughing sound?,audios/74.wav,Crickets,Clapping,car_horn,Clock tick,C,"['/home/data/ESC-50/ESC-50-master/audio/2-70052-B-42.wav', '/home/data/ESC-50/ESC-50-master/audio/5-251489-A-24.wav', '/home/data/ESC-50/ESC-50-master/audio/5-179868-A-43.wav']","['siren', 'coughing', 'car_horn']"
75,Which sound event occurs second?,audios/75.wav,Coughing,Crickets,Glass breaking,washing_machine,D,"['/home/data/ESC-50/ESC-50-master/audio/3-103599-B-25.wav', '/home/data/ESC-50/ESC-50-master/audio/3-151273-A-35.wav', '/home/data/ESC-50/ESC-50-master/audio/2-118964-A-0.wav']","['footsteps', 'washing_machine', 'dog']"
76,Which sound event occurs first?,audios/76.wav,Water drops,clock_alarm,Hand saw,Sheep,B,"['/home/data/ESC-50/ESC-50-master/audio/3-131943-A-37.wav', '/home/data/ESC-50/ESC-50-master/audio/4-191327-A-38.wav', '/home/data/ESC-50/ESC-50-master/audio/4-165823-A-41.wav']","['clock_alarm', 'clock_tick', 'chainsaw']"
78,Which sound event occurs after siren sound?,audios/78.wav,helicopter,Can opening,"Door, wood creaks",Fireworks,A,"['/home/data/ESC-50/ESC-50-master/audio/5-244178-A-32.wav', '/home/data/ESC-50/ESC-50-master/audio/3-58772-A-42.wav', '/home/data/ESC-50/ESC-50-master/audio/1-172649-F-40.wav']","['keyboard_typing', 'siren', 'helicopter']"
80,Which sound event occurs first?,audios/80.wav,Car horn,"Door, wood creaks",Crow,rooster,D,"['/home/data/ESC-50/ESC-50-master/audio/2-96460-A-1.wav', '/home/data/ESC-50/ESC-50-master/audio/4-250869-B-2.wav']","['rooster', 'pig']"
83,Which sound event occurs second?,audios/83.wav,Crying baby,"Door, wood creaks",Helicopter,engine,D,"['/home/data/ESC-50/ESC-50-master/audio/5-200461-B-11.wav', '/home/data/ESC-50/ESC-50-master/audio/4-186962-A-44.wav']","['sea_waves', 'engine']"
87,Which sound event occurs second?,audios/87.wav,Hen,Car horn,Crying baby,door_wood_knock,D,"['/home/data/ESC-50/ESC-50-master/audio/4-161105-A-47.wav', '/home/data/ESC-50/ESC-50-master/audio/3-144510-A-30.wav']","['airplane', 'door_wood_knock']"
88,Which sound event occurs second?,audios/88.wav,pouring_water,Siren,Crying baby,Clock alarm,A,"['/home/data/ESC-50/ESC-50-master/audio/5-177957-B-40.wav', '/home/data/ESC-50/ESC-50-master/audio/4-187504-B-17.wav']","['helicopter', 'pouring_water']"
89,Which sound event occurs after snoring sound?,audios/89.wav,frog,Thunderstorm,Breathing,Siren,A,"['/home/data/ESC-50/ESC-50-master/audio/3-164592-A-15.wav', '/home/data/ESC-50/ESC-50-master/audio/2-126433-A-17.wav', '/home/data/ESC-50/ESC-50-master/audio/3-124795-A-28.wav', '/home/data/ESC-50/ESC-50-master/audio/3-71964-B-4.wav']","['water_drops', 'pouring_water', 'snoring', 'frog']"
90,Which sound event occurs third?,audios/90.wav,sheep,Siren,Door knock,Chainsaw,A,"['/home/data/ESC-50/ESC-50-master/audio/2-144031-A-34.wav', '/home/data/ESC-50/ESC-50-master/audio/2-83934-A-5.wav', '/home/data/ESC-50/ESC-50-master/audio/4-188703-A-8.wav']","['can_opening', 'cat', 'sheep']"
91,Which sound event occurs second?,audios/91.wav,Thunderstorm,Fireworks,train,Church bells,C,"['/home/data/ESC-50/ESC-50-master/audio/4-145081-A-9.wav', '/home/data/ESC-50/ESC-50-master/audio/4-165791-B-45.wav', '/home/data/ESC-50/ESC-50-master/audio/3-162786-A-13.wav', '/home/data/ESC-50/ESC-50-master/audio/5-156026-C-4.wav']","['crow', 'train', 'crickets', 'frog']"
93,Which sound event occurs fourth?,audios/93.wav,coughing,Snoring,Church bells,Laughing,A,"['/home/data/ESC-50/ESC-50-master/audio/4-183487-A-1.wav', '/home/data/ESC-50/ESC-50-master/audio/1-115545-A-48.wav', '/home/data/ESC-50/ESC-50-master/audio/3-159347-B-36.wav', '/home/data/ESC-50/ESC-50-master/audio/3-145487-A-24.wav']","['rooster', 'fireworks', 'vacuum_cleaner', 'coughing']"
94,Which sound event occurs second?,audios/94.wav,Laughing,Crow,Rain,can_opening,D,"['/home/data/ESC-50/ESC-50-master/audio/5-242932-B-26.wav', '/home/data/ESC-50/ESC-50-master/audio/5-252248-A-34.wav', '/home/data/ESC-50/ESC-50-master/audio/2-96654-A-47.wav']","['laughing', 'can_opening', 'airplane']"
95,Which sound event occurs third?,audios/95.wav,Chainsaw,brushing_teeth,Thunderstorm,Insects (flying),B,"['/home/data/ESC-50/ESC-50-master/audio/4-223127-A-14.wav', '/home/data/ESC-50/ESC-50-master/audio/1-50625-A-17.wav', '/home/data/ESC-50/ESC-50-master/audio/4-144468-A-27.wav']","['chirping_birds', 'pouring_water', 'brushing_teeth']"
96,Which sound event occurs after car_horn sound?,audios/96.wav,Keyboard typing,Hand saw,footsteps,Rain,C,"['/home/data/ESC-50/ESC-50-master/audio/2-70052-A-42.wav', '/home/data/ESC-50/ESC-50-master/audio/4-176638-A-43.wav', '/home/data/ESC-50/ESC-50-master/audio/2-209471-A-25.wav']","['siren', 'car_horn', 'footsteps']"
99,Which sound event occurs third?,audios/99.wav,Mouse click,Hen,Airplane,drinking_sipping,D,"['/home/data/ESC-50/ESC-50-master/audio/3-152007-B-20.wav', '/home/data/ESC-50/ESC-50-master/audio/3-162786-A-13.wav', '/home/data/ESC-50/ESC-50-master/audio/4-188191-A-29.wav']","['crying_baby', 'crickets', 'drinking_sipping']"
100,Which sound event occurs second?,audios/100.wav,Fireworks,laughing,Vacuum cleaner,Clock tick,B,"['/home/data/ESC-50/ESC-50-master/audio/1-160563-B-48.wav', '/home/data/ESC-50/ESC-50-master/audio/4-167571-A-26.wav', '/home/data/ESC-50/ESC-50-master/audio/1-29532-A-16.wav']","['fireworks', 'laughing', 'wind']"
101,Which sound event occurs first?,audios/101.wav,Door knock,Wind,can_opening,"Door, wood creaks",C,"['/home/data/ESC-50/ESC-50-master/audio/1-60676-A-34.wav', '/home/data/ESC-50/ESC-50-master/audio/1-58277-A-3.wav', '/home/data/ESC-50/ESC-50-master/audio/1-104089-B-22.wav', '/home/data/ESC-50/ESC-50-master/audio/2-72547-D-14.wav']","['can_opening', 'cow', 'clapping', 'chirping_birds']"
102,Which sound event occurs second?,audios/102.wav,Sneezing,Siren,Wind,glass_breaking,D,"['/home/data/ESC-50/ESC-50-master/audio/2-65750-A-1.wav', '/home/data/ESC-50/ESC-50-master/audio/2-250710-A-39.wav']","['rooster', 'glass_breaking']"
103,Which sound event occurs second?,audios/103.wav,Washing machine,Dog,Vacuum cleaner,siren,D,"['/home/data/ESC-50/ESC-50-master/audio/1-82817-A-30.wav', '/home/data/ESC-50/ESC-50-master/audio/5-133989-B-42.wav']","['door_wood_knock', 'siren']"
104,Which sound event occurs after drinking_sipping sound?,audios/104.wav,engine,Crow,Sneezing,Airplane,A,"['/home/data/ESC-50/ESC-50-master/audio/3-133977-A-29.wav', '/home/data/ESC-50/ESC-50-master/audio/3-259622-A-44.wav']","['drinking_sipping', 'engine']"
105,Which sound event occurs second?,audios/105.wav,Rooster,Clapping,airplane,Water drops,C,"['/home/data/ESC-50/ESC-50-master/audio/1-62850-A-38.wav', '/home/data/ESC-50/ESC-50-master/audio/2-160888-A-47.wav']","['clock_tick', 'airplane']"
108,Which sound event occurs first?,audios/108.wav,Airplane,hand_saw,Frog,Mouse click,B,"['/home/data/ESC-50/ESC-50-master/audio/1-9887-B-49.wav', '/home/data/ESC-50/ESC-50-master/audio/5-156999-E-19.wav', '/home/data/ESC-50/ESC-50-master/audio/1-24074-A-43.wav', '/home/data/ESC-50/ESC-50-master/audio/3-171012-A-38.wav']","['hand_saw', 'thunderstorm', 'car_horn', 'clock_tick']"
109,Which sound event occurs fourth?,audios/109.wav,Siren,frog,Footsteps,Thunderstorm,B,"['/home/data/ESC-50/ESC-50-master/audio/5-147297-A-27.wav', '/home/data/ESC-50/ESC-50-master/audio/3-58772-A-42.wav', '/home/data/ESC-50/ESC-50-master/audio/1-18631-A-23.wav', '/home/data/ESC-50/ESC-50-master/audio/4-99193-A-4.wav']","['brushing_teeth', 'siren', 'breathing', 'frog']"
110,Which sound event occurs third?,audios/110.wav,breathing,Keyboard typing,Chainsaw,Thunderstorm,A,"['/home/data/ESC-50/ESC-50-master/audio/4-234879-A-6.wav', '/home/data/ESC-50/ESC-50-master/audio/2-82071-A-27.wav', '/home/data/ESC-50/ESC-50-master/audio/4-205526-A-23.wav']","['hen', 'brushing_teeth', 'breathing']"
111,Which sound event occurs first?,audios/111.wav,Thunderstorm,church_bells,Crying baby,Chirping birds,B,"['/home/data/ESC-50/ESC-50-master/audio/3-111102-B-46.wav', '/home/data/ESC-50/ESC-50-master/audio/5-191497-A-33.wav']","['church_bells', 'door_wood_creaks']"
112,Which sound event occurs third?,audios/112.wav,Wind,Coughing,Sheep,drinking_sipping,D,"['/home/data/ESC-50/ESC-50-master/audio/5-253101-A-49.wav', '/home/data/ESC-50/ESC-50-master/audio/3-151089-A-30.wav', '/home/data/ESC-50/ESC-50-master/audio/3-145387-A-29.wav', '/home/data/ESC-50/ESC-50-master/audio/2-96904-A-27.wav']","['hand_saw', 'door_wood_knock', 'drinking_sipping', 'brushing_teeth']"
113,Which sound event occurs second?,audios/113.wav,Thunderstorm,snoring,Crying baby,Clock alarm,B,"['/home/data/ESC-50/ESC-50-master/audio/2-126433-A-17.wav', '/home/data/ESC-50/ESC-50-master/audio/4-191297-A-28.wav']","['pouring_water', 'snoring']"
115,Which sound event occurs second?,audios/115.wav,Brushing teeth,clapping,Clock tick,Coughing,B,"['/home/data/ESC-50/ESC-50-master/audio/3-162786-A-13.wav', '/home/data/ESC-50/ESC-50-master/audio/3-138114-A-22.wav', '/home/data/ESC-50/ESC-50-master/audio/5-217186-B-16.wav']","['crickets', 'clapping', 'wind']"
116,Which sound event occurs third?,audios/116.wav,dog,Water drops,Rooster,Can opening,A,"['/home/data/ESC-50/ESC-50-master/audio/2-102414-E-17.wav', '/home/data/ESC-50/ESC-50-master/audio/1-32373-A-35.wav', '/home/data/ESC-50/ESC-50-master/audio/2-122104-B-0.wav', '/home/data/ESC-50/ESC-50-master/audio/4-107122-A-33.wav']","['pouring_water', 'washing_machine', 'dog', 'door_wood_creaks']"
117,Which sound event occurs second?,audios/117.wav,Sea waves,Breathing,Glass breaking,fireworks,D,"['/home/data/ESC-50/ESC-50-master/audio/4-218199-G-35.wav', '/home/data/ESC-50/ESC-50-master/audio/4-119648-D-48.wav', '/home/data/ESC-50/ESC-50-master/audio/4-197871-A-15.wav']","['washing_machine', 'fireworks', 'water_drops']"
119,Which sound event occurs third?,audios/119.wav,Snoring,siren,Cow,Train,B,"['/home/data/ESC-50/ESC-50-master/audio/3-166326-A-15.wav', '/home/data/ESC-50/ESC-50-master/audio/4-165813-A-19.wav', '/home/data/ESC-50/ESC-50-master/audio/5-133989-A-42.wav', '/home/data/ESC-50/ESC-50-master/audio/5-211408-A-37.wav']","['water_drops', 'thunderstorm', 'siren', 'clock_alarm']"
120,Which sound event occurs after brushing_teeth sound?,audios/120.wav,airplane,Dog,Car horn,Frog,A,"['/home/data/ESC-50/ESC-50-master/audio/3-126391-A-27.wav', '/home/data/ESC-50/ESC-50-master/audio/3-143562-A-47.wav', '/home/data/ESC-50/ESC-50-master/audio/4-218199-F-35.wav']","['brushing_teeth', 'airplane', 'washing_machine']"
121,Which sound event occurs second?,audios/121.wav,wind,Crickets,Clock tick,Laughing,A,"['/home/data/ESC-50/ESC-50-master/audio/1-24524-C-19.wav', '/home/data/ESC-50/ESC-50-master/audio/2-109371-C-16.wav', '/home/data/ESC-50/ESC-50-master/audio/3-155584-A-14.wav']","['thunderstorm', 'wind', 'chirping_birds']"
122,Which sound event occurs after airplane sound?,audios/122.wav,Sea waves,can_opening,Fireworks,Sheep,B,"['/home/data/ESC-50/ESC-50-master/audio/2-74361-A-47.wav', '/home/data/ESC-50/ESC-50-master/audio/2-83667-A-34.wav']","['airplane', 'can_opening']"
123,Which sound event occurs second?,audios/123.wav,"Drinking, sipping",Can opening,Hand saw,door_wood_knock,D,"['/home/data/ESC-50/ESC-50-master/audio/3-115387-B-47.wav', '/home/data/ESC-50/ESC-50-master/audio/5-251426-A-30.wav']","['airplane', 'door_wood_knock']"
124,Which sound event occurs third?,audios/124.wav,Cow,hen,Vacuum cleaner,Sneezing,B,"['/home/data/ESC-50/ESC-50-master/audio/3-150363-A-38.wav', '/home/data/ESC-50/ESC-50-master/audio/2-84943-A-18.wav', '/home/data/ESC-50/ESC-50-master/audio/3-188390-A-6.wav', '/home/data/ESC-50/ESC-50-master/audio/2-28314-B-12.wav']","['clock_tick', 'toilet_flush', 'hen', 'crackling_fire']"
125,Which sound event occurs after train sound?,audios/125.wav,Footsteps,can_opening,Pig,Helicopter,B,"['/home/data/ESC-50/ESC-50-master/audio/2-114280-A-0.wav', '/home/data/ESC-50/ESC-50-master/audio/3-135650-B-45.wav', '/home/data/ESC-50/ESC-50-master/audio/1-43764-A-34.wav']","['dog', 'train', 'can_opening']"
126,Which sound event occurs second?,audios/126.wav,Coughing,Vacuum cleaner,Clapping,toilet_flush,D,"['/home/data/ESC-50/ESC-50-master/audio/2-102567-A-35.wav', '/home/data/ESC-50/ESC-50-master/audio/4-152958-A-18.wav']","['washing_machine', 'toilet_flush']"
127,Which sound event occurs second?,audios/127.wav,Siren,vacuum_cleaner,Washing machine,Breathing,B,"['/home/data/ESC-50/ESC-50-master/audio/3-155312-A-0.wav', '/home/data/ESC-50/ESC-50-master/audio/4-181999-A-36.wav']","['dog', 'vacuum_cleaner']"
132,Which sound event occurs second?,audios/132.wav,Crying baby,Snoring,Crow,chirping_birds,D,"['/home/data/ESC-50/ESC-50-master/audio/4-204115-A-39.wav', '/home/data/ESC-50/ESC-50-master/audio/4-187769-B-14.wav', '/home/data/ESC-50/ESC-50-master/audio/4-198360-B-49.wav', '/home/data/ESC-50/ESC-50-master/audio/3-103401-B-33.wav']","['glass_breaking', 'chirping_birds', 'hand_saw', 'door_wood_creaks']"
136,Which sound event occurs first?,audios/136.wav,Insects (flying),Helicopter,clock_tick,Pouring water,C,"['/home/data/ESC-50/ESC-50-master/audio/2-141584-A-38.wav', '/home/data/ESC-50/ESC-50-master/audio/3-152594-A-30.wav', '/home/data/ESC-50/ESC-50-master/audio/3-108791-A-18.wav', '/home/data/ESC-50/ESC-50-master/audio/4-250869-A-2.wav']","['clock_tick', 'door_wood_knock', 'toilet_flush', 'pig']"
137,Which sound event occurs second?,audios/137.wav,Crackling fire,chirping_birds,Dog,Airplane,B,"['/home/data/ESC-50/ESC-50-master/audio/3-145577-A-43.wav', '/home/data/ESC-50/ESC-50-master/audio/5-243459-A-14.wav']","['car_horn', 'chirping_birds']"
138,Which sound event occurs third?,audios/138.wav,insects,Helicopter,Clock alarm,Car horn,A,"['/home/data/ESC-50/ESC-50-master/audio/2-61311-A-12.wav', '/home/data/ESC-50/ESC-50-master/audio/2-82071-A-27.wav', '/home/data/ESC-50/ESC-50-master/audio/3-104761-B-7.wav', '/home/data/ESC-50/ESC-50-master/audio/2-144031-A-34.wav']","['crackling_fire', 'brushing_teeth', 'insects', 'can_opening']"
140,Which sound event occurs third?,audios/140.wav,Vacuum cleaner,Keyboard typing,snoring,Siren,C,"['/home/data/ESC-50/ESC-50-master/audio/4-172736-B-36.wav', '/home/data/ESC-50/ESC-50-master/audio/3-112356-A-18.wav', '/home/data/ESC-50/ESC-50-master/audio/4-183882-A-28.wav', '/home/data/ESC-50/ESC-50-master/audio/3-104761-B-7.wav']","['vacuum_cleaner', 'toilet_flush', 'snoring', 'insects']"
142,Which sound event occurs after wind sound?,audios/142.wav,Insects (flying),rooster,Rain,Water drops,B,"['/home/data/ESC-50/ESC-50-master/audio/5-179496-B-16.wav', '/home/data/ESC-50/ESC-50-master/audio/5-233160-A-1.wav', '/home/data/ESC-50/ESC-50-master/audio/1-34094-B-5.wav', '/home/data/ESC-50/ESC-50-master/audio/3-155578-A-14.wav']","['wind', 'rooster', 'cat', 'chirping_birds']"
143,Which sound event occurs third?,audios/143.wav,sea_waves,Sneezing,Engine,Church bells,A,"['/home/data/ESC-50/ESC-50-master/audio/5-103416-A-2.wav', '/home/data/ESC-50/ESC-50-master/audio/4-119648-A-48.wav', '/home/data/ESC-50/ESC-50-master/audio/3-144827-B-11.wav', '/home/data/ESC-50/ESC-50-master/audio/2-120218-A-30.wav']","['pig', 'fireworks', 'sea_waves', 'door_wood_knock']"
144,Which sound event occurs second?,audios/144.wav,Wind,Door knock,Dog,helicopter,D,"['/home/data/ESC-50/ESC-50-master/audio/4-172500-C-27.wav', '/home/data/ESC-50/ESC-50-master/audio/3-68630-B-40.wav', '/home/data/ESC-50/ESC-50-master/audio/4-201300-A-31.wav', '/home/data/ESC-50/ESC-50-master/audio/3-95695-B-5.wav']","['brushing_teeth', 'helicopter', 'mouse_click', 'cat']"
146,Which sound event occurs second?,audios/146.wav,footsteps,"Drinking, sipping",Mouse click,Crow,A,"['/home/data/ESC-50/ESC-50-master/audio/5-133989-A-42.wav', '/home/data/ESC-50/ESC-50-master/audio/1-155858-C-25.wav', '/home/data/ESC-50/ESC-50-master/audio/4-119648-B-48.wav']","['siren', 'footsteps', 'fireworks']"
147,Which sound event occurs second?,audios/147.wav,Sea waves,Crickets,wind,"Door, wood creaks",C,"['/home/data/ESC-50/ESC-50-master/audio/3-152007-B-20.wav', '/home/data/ESC-50/ESC-50-master/audio/1-69760-A-16.wav']","['crying_baby', 'wind']"
148,Which sound event occurs second?,audios/148.wav,dog,Door knock,Mouse click,Pouring water,A,"['/home/data/ESC-50/ESC-50-master/audio/5-216131-A-32.wav', '/home/data/ESC-50/ESC-50-master/audio/4-194754-A-0.wav', '/home/data/ESC-50/ESC-50-master/audio/4-111671-B-42.wav']","['keyboard_typing', 'dog', 'siren']"
149,Which sound event occurs first?,audios/149.wav,Cow,crackling_fire,Hen,Clock alarm,B,"['/home/data/ESC-50/ESC-50-master/audio/3-65748-A-12.wav', '/home/data/ESC-50/ESC-50-master/audio/5-191497-A-33.wav']","['crackling_fire', 'door_wood_creaks']"
150,Which sound event occurs second?,audios/150.wav,Wind,snoring,Rain,Sneezing,B,"['/home/data/ESC-50/ESC-50-master/audio/1-172649-D-40.wav', '/home/data/ESC-50/ESC-50-master/audio/2-52001-A-28.wav', '/home/data/ESC-50/ESC-50-master/audio/3-119120-B-48.wav']","['helicopter', 'snoring', 'fireworks']"
151,Which sound event occurs after snoring sound?,audios/151.wav,Airplane,engine,Can opening,Church bells,B,"['/home/data/ESC-50/ESC-50-master/audio/4-250864-A-8.wav', '/home/data/ESC-50/ESC-50-master/audio/1-56269-A-18.wav', '/home/data/ESC-50/ESC-50-master/audio/1-27403-A-28.wav', '/home/data/ESC-50/ESC-50-master/audio/5-243773-B-44.wav']","['sheep', 'toilet_flush', 'snoring', 'engine']"
152,Which sound event occurs after train sound?,audios/152.wav,rain,Siren,Crying baby,Crickets,A,"['/home/data/ESC-50/ESC-50-master/audio/3-138212-A-45.wav', '/home/data/ESC-50/ESC-50-master/audio/5-194892-A-10.wav']","['train', 'rain']"
153,Which sound event occurs second?,audios/153.wav,Frog,Vacuum cleaner,Helicopter,laughing,D,"['/home/data/ESC-50/ESC-50-master/audio/1-32373-A-35.wav', '/home/data/ESC-50/ESC-50-master/audio/2-79769-A-26.wav']","['washing_machine', 'laughing']"
154,Which sound event occurs after drinking_sipping sound?,audios/154.wav,Coughing,"Door, wood creaks",insects,Frog,C,"['/home/data/ESC-50/ESC-50-master/audio/2-102581-B-29.wav', '/home/data/ESC-50/ESC-50-master/audio/4-191246-B-7.wav']","['drinking_sipping', 'insects']"
155,Which sound event occurs fourth?,audios/155.wav,Clapping,pouring_water,Footsteps,Pouring water,B,"['/home/data/ESC-50/ESC-50-master/audio/4-126046-A-18.wav', '/home/data/ESC-50/ESC-50-master/audio/4-181708-A-32.wav', '/home/data/ESC-50/ESC-50-master/audio/4-168446-A-45.wav', '/home/data/ESC-50/ESC-50-master/audio/2-126433-A-17.wav']","['toilet_flush', 'keyboard_typing', 'train', 'pouring_water']"
156,Which sound event occurs second?,audios/156.wav,"Drinking, sipping",Water drops,Sneezing,crow,D,"['/home/data/ESC-50/ESC-50-master/audio/2-102568-A-35.wav', '/home/data/ESC-50/ESC-50-master/audio/5-242711-A-9.wav', '/home/data/ESC-50/ESC-50-master/audio/5-178997-A-24.wav']","['washing_machine', 'crow', 'coughing']"
158,Which sound event occurs after toilet_flush sound?,audios/158.wav,Dog,Laughing,church_bells,Mouse click,C,"['/home/data/ESC-50/ESC-50-master/audio/3-112356-A-18.wav', '/home/data/ESC-50/ESC-50-master/audio/5-201172-A-46.wav']","['toilet_flush', 'church_bells']"
159,Which sound event occurs third?,audios/159.wav,Clock alarm,Laughing,crow,Crow,C,"['/home/data/ESC-50/ESC-50-master/audio/5-117122-A-42.wav', '/home/data/ESC-50/ESC-50-master/audio/4-204683-A-31.wav', '/home/data/ESC-50/ESC-50-master/audio/3-127890-C-9.wav', '/home/data/ESC-50/ESC-50-master/audio/3-151255-A-28.wav']","['siren', 'mouse_click', 'crow', 'snoring']"
160,Which sound event occurs first?,audios/160.wav,Crow,fireworks,Rain,"Door, wood creaks",B,"['/home/data/ESC-50/ESC-50-master/audio/3-119120-E-48.wav', '/home/data/ESC-50/ESC-50-master/audio/2-83667-A-34.wav', '/home/data/ESC-50/ESC-50-master/audio/2-98676-A-24.wav', '/home/data/ESC-50/ESC-50-master/audio/5-207836-D-29.wav']","['fireworks', 'can_opening', 'coughing', 'drinking_sipping']"
161,Which sound event occurs third?,audios/161.wav,laughing,Breathing,Laughing,Crying baby,A,"['/home/data/ESC-50/ESC-50-master/audio/1-34497-A-14.wav', '/home/data/ESC-50/ESC-50-master/audio/3-96606-A-49.wav', '/home/data/ESC-50/ESC-50-master/audio/4-167571-A-26.wav']","['chirping_birds', 'hand_saw', 'laughing']"
163,Which sound event occurs fourth?,audios/163.wav,Chainsaw,Fireworks,Crying baby,door_wood_creaks,D,"['/home/data/ESC-50/ESC-50-master/audio/4-184434-A-21.wav', '/home/data/ESC-50/ESC-50-master/audio/1-18074-A-6.wav', '/home/data/ESC-50/ESC-50-master/audio/2-110417-B-28.wav', '/home/data/ESC-50/ESC-50-master/audio/4-107122-A-33.wav']","['sneezing', 'hen', 'snoring', 'door_wood_creaks']"
165,Which sound event occurs third?,audios/165.wav,Car horn,Toilet flush,Water drops,coughing,D,"['/home/data/ESC-50/ESC-50-master/audio/3-155234-A-43.wav', '/home/data/ESC-50/ESC-50-master/audio/4-264453-A-34.wav', '/home/data/ESC-50/ESC-50-master/audio/5-204604-A-24.wav']","['car_horn', 'can_opening', 'coughing']"
167,Which sound event occurs after airplane sound?,audios/167.wav,Water drops,cat,Brushing teeth,Laughing,B,"['/home/data/ESC-50/ESC-50-master/audio/4-161103-A-47.wav', '/home/data/ESC-50/ESC-50-master/audio/1-56380-B-5.wav']","['airplane', 'cat']"
168,Which sound event occurs first?,audios/168.wav,Pouring water,Sheep,train,Crying baby,C,"['/home/data/ESC-50/ESC-50-master/audio/3-138212-A-45.wav', '/home/data/ESC-50/ESC-50-master/audio/1-18074-B-6.wav', '/home/data/ESC-50/ESC-50-master/audio/1-27405-A-28.wav', '/home/data/ESC-50/ESC-50-master/audio/3-143929-A-10.wav']","['train', 'hen', 'snoring', 'rain']"
169,Which sound event occurs second?,audios/169.wav,Laughing,clapping,Train,Door knock,B,"['/home/data/ESC-50/ESC-50-master/audio/3-98771-A-18.wav', '/home/data/ESC-50/ESC-50-master/audio/4-189832-B-22.wav']","['toilet_flush', 'clapping']"
170,Which sound event occurs first?,audios/170.wav,Helicopter,water_drops,Sneezing,Chainsaw,B,"['/home/data/ESC-50/ESC-50-master/audio/4-188293-A-15.wav', '/home/data/ESC-50/ESC-50-master/audio/5-181458-A-33.wav']","['water_drops', 'door_wood_creaks']"
173,Which sound event occurs first?,audios/173.wav,Door knock,Chirping birds,Brushing teeth,toilet_flush,D,"['/home/data/ESC-50/ESC-50-master/audio/2-67422-A-18.wav', '/home/data/ESC-50/ESC-50-master/audio/1-254507-A-43.wav', '/home/data/ESC-50/ESC-50-master/audio/4-212728-A-34.wav']","['toilet_flush', 'car_horn', 'can_opening']"
174,Which sound event occurs third?,audios/174.wav,helicopter,Brushing teeth,Coughing,Crickets,A,"['/home/data/ESC-50/ESC-50-master/audio/4-189332-A-37.wav', '/home/data/ESC-50/ESC-50-master/audio/3-103050-A-19.wav', '/home/data/ESC-50/ESC-50-master/audio/4-175000-C-40.wav']","['clock_alarm', 'thunderstorm', 'helicopter']"
175,Which sound event occurs second?,audios/175.wav,Crackling fire,Breathing,coughing,Wind,C,"['/home/data/ESC-50/ESC-50-master/audio/1-46272-A-12.wav', '/home/data/ESC-50/ESC-50-master/audio/2-98676-A-24.wav', '/home/data/ESC-50/ESC-50-master/audio/4-182034-A-30.wav']","['crackling_fire', 'coughing', 'door_wood_knock']"
176,Which sound event occurs after vacuum_cleaner sound?,audios/176.wav,Breathing,Fireworks,Snoring,toilet_flush,D,"['/home/data/ESC-50/ESC-50-master/audio/3-149465-A-22.wav', '/home/data/ESC-50/ESC-50-master/audio/1-100210-B-36.wav', '/home/data/ESC-50/ESC-50-master/audio/4-123680-A-18.wav', '/home/data/ESC-50/ESC-50-master/audio/3-119455-A-44.wav']","['clapping', 'vacuum_cleaner', 'toilet_flush', 'engine']"
177,Which sound event occurs second?,audios/177.wav,car_horn,"Door, wood creaks",Toilet flush,Clapping,A,"['/home/data/ESC-50/ESC-50-master/audio/1-19872-A-36.wav', '/home/data/ESC-50/ESC-50-master/audio/5-180156-B-43.wav']","['vacuum_cleaner', 'car_horn']"
179,Which sound event occurs fourth?,audios/179.wav,Airplane,church_bells,Washing machine,Car horn,B,"['/home/data/ESC-50/ESC-50-master/audio/2-104952-A-16.wav', '/home/data/ESC-50/ESC-50-master/audio/1-26177-A-43.wav', '/home/data/ESC-50/ESC-50-master/audio/1-115545-C-48.wav', '/home/data/ESC-50/ESC-50-master/audio/3-139109-A-46.wav']","['wind', 'car_horn', 'fireworks', 'church_bells']"
180,Which sound event occurs after clock_alarm sound?,audios/180.wav,Sheep,Train,breathing,Footsteps,C,"['/home/data/ESC-50/ESC-50-master/audio/2-158746-A-2.wav', '/home/data/ESC-50/ESC-50-master/audio/1-72195-B-37.wav', '/home/data/ESC-50/ESC-50-master/audio/3-112557-B-23.wav']","['pig', 'clock_alarm', 'breathing']"
181,Which sound event occurs second?,audios/181.wav,laughing,Cow,Church bells,Snoring,A,"['/home/data/ESC-50/ESC-50-master/audio/2-78781-A-47.wav', '/home/data/ESC-50/ESC-50-master/audio/2-109759-A-26.wav', '/home/data/ESC-50/ESC-50-master/audio/5-208810-A-11.wav']","['airplane', 'laughing', 'sea_waves']"
182,Which sound event occurs third?,audios/182.wav,Helicopter,pouring_water,Brushing teeth,Mouse click,B,"['/home/data/ESC-50/ESC-50-master/audio/2-70366-A-33.wav', '/home/data/ESC-50/ESC-50-master/audio/3-125548-A-32.wav', '/home/data/ESC-50/ESC-50-master/audio/4-187504-A-17.wav']","['door_wood_creaks', 'keyboard_typing', 'pouring_water']"
185,Which sound event occurs second?,audios/185.wav,footsteps,Brushing teeth,Thunderstorm,Pig,A,"['/home/data/ESC-50/ESC-50-master/audio/3-146964-A-5.wav', '/home/data/ESC-50/ESC-50-master/audio/5-243025-A-25.wav', '/home/data/ESC-50/ESC-50-master/audio/1-97392-A-0.wav']","['cat', 'footsteps', 'dog']"
186,Which sound event occurs second?,audios/186.wav,Hand saw,car_horn,Vacuum cleaner,Chirping birds,B,"['/home/data/ESC-50/ESC-50-master/audio/3-108160-A-23.wav', '/home/data/ESC-50/ESC-50-master/audio/5-180156-A-43.wav', '/home/data/ESC-50/ESC-50-master/audio/4-161099-A-47.wav']","['breathing', 'car_horn', 'airplane']"
187,Which sound event occurs third?,audios/187.wav,Clapping,car_horn,Crying baby,Wind,B,"['/home/data/ESC-50/ESC-50-master/audio/4-210000-A-23.wav', '/home/data/ESC-50/ESC-50-master/audio/1-18074-B-6.wav', '/home/data/ESC-50/ESC-50-master/audio/5-180156-C-43.wav', '/home/data/ESC-50/ESC-50-master/audio/5-243449-A-14.wav']","['breathing', 'hen', 'car_horn', 'chirping_birds']"
188,Which sound event occurs second?,audios/188.wav,Clapping,chirping_birds,Chirping birds,Hen,B,"['/home/data/ESC-50/ESC-50-master/audio/1-85168-A-39.wav', '/home/data/ESC-50/ESC-50-master/audio/4-216211-A-14.wav', '/home/data/ESC-50/ESC-50-master/audio/3-118658-A-41.wav']","['glass_breaking', 'chirping_birds', 'chainsaw']"
189,Which sound event occurs fourth?,audios/189.wav,pig,Glass breaking,"Door, wood creaks",Dog,A,"['/home/data/ESC-50/ESC-50-master/audio/1-30043-A-26.wav', '/home/data/ESC-50/ESC-50-master/audio/3-105236-A-7.wav', '/home/data/ESC-50/ESC-50-master/audio/4-250864-A-8.wav', '/home/data/ESC-50/ESC-50-master/audio/1-260640-C-2.wav']","['laughing', 'insects', 'sheep', 'pig']"
191,Which sound event occurs second?,audios/191.wav,siren,Brushing teeth,Pouring water,Sheep,A,"['/home/data/ESC-50/ESC-50-master/audio/5-233260-A-23.wav', '/home/data/ESC-50/ESC-50-master/audio/4-111671-B-42.wav', '/home/data/ESC-50/ESC-50-master/audio/5-251962-A-47.wav']","['breathing', 'siren', 'airplane']"
192,Which sound event occurs fourth?,audios/192.wav,Train,Rain,Crackling fire,chainsaw,D,"['/home/data/ESC-50/ESC-50-master/audio/1-54747-A-46.wav', '/home/data/ESC-50/ESC-50-master/audio/4-188287-A-9.wav', '/home/data/ESC-50/ESC-50-master/audio/5-263775-B-26.wav', '/home/data/ESC-50/ESC-50-master/audio/4-157611-A-41.wav']","['church_bells', 'crow', 'laughing', 'chainsaw']"
194,Which sound event occurs second?,audios/194.wav,Insects (flying),Fireworks,Crickets,hen,D,"['/home/data/ESC-50/ESC-50-master/audio/3-166125-B-23.wav', '/home/data/ESC-50/ESC-50-master/audio/5-244315-C-6.wav']","['breathing', 'hen']"
195,Which sound event occurs third?,audios/195.wav,Brushing teeth,Rain,Crying baby,footsteps,D,"['/home/data/ESC-50/ESC-50-master/audio/2-76408-A-22.wav', '/home/data/ESC-50/ESC-50-master/audio/1-81269-A-3.wav', '/home/data/ESC-50/ESC-50-master/audio/4-198962-B-25.wav', '/home/data/ESC-50/ESC-50-master/audio/1-61221-A-17.wav']","['clapping', 'cow', 'footsteps', 'pouring_water']"
197,Which sound event occurs after vacuum_cleaner sound?,audios/197.wav,Laughing,Brushing teeth,Cat,crickets,D,"['/home/data/ESC-50/ESC-50-master/audio/1-19872-B-36.wav', '/home/data/ESC-50/ESC-50-master/audio/5-215172-A-13.wav']","['vacuum_cleaner', 'crickets']"
198,Which sound event occurs second?,audios/198.wav,Train,Crying baby,Laughing,crickets,D,"['/home/data/ESC-50/ESC-50-master/audio/2-89516-A-37.wav', '/home/data/ESC-50/ESC-50-master/audio/3-162786-A-13.wav']","['clock_alarm', 'crickets']"
199,Which sound event occurs first?,audios/199.wav,clock_tick,Hand saw,Washing machine,Door knock,A,"['/home/data/ESC-50/ESC-50-master/audio/3-143933-A-38.wav', '/home/data/ESC-50/ESC-50-master/audio/2-114587-A-0.wav']","['clock_tick', 'dog']"
